state,county,Population Estimate
Alabama,Autauga,55869.0
Alabama,Baldwin,223234.0
Alabama,Barbour,24686.0
Alabama,Bibb,22394.0
Alabama,Blount,57826.0
Alabama,Bullock,10101.0
Alabama,Butler,19448.0
Alabama,Calhoun,113605.0
Alabama,Chambers,33254.0
Alabama,Cherokee,26196.0
Alabama,Chilton,44428.0
Alabama,Choctaw,12589.0
Alabama,Clarke,23622.0
Alabama,Clay,13235.0
Alabama,Cleburne,14910.0
Alabama,Coffee,52342.0
Alabama,Colbert,55241.0
Alabama,Conecuh,12067.0
Alabama,Coosa,10663.0
Alabama,Covington,37049.0
Alabama,Crenshaw,13772.0
Alabama,Cullman,83768.0
Alabama,Dale,49172.0
Alabama,Dallas,37196.0
Alabama,DeKalb,71513.0
Alabama,Elmore,81209.0
Alabama,Escambia,36633.0
Alabama,Etowah,102268.0
Alabama,Fayette,16302.0
Alabama,Franklin,31362.0
Alabama,Geneva,26271.0
Alabama,Greene,8111.0
Alabama,Hale,14651.0
Alabama,Henry,17205.0
Alabama,Houston,105882.0
Alabama,Jackson,51626.0
Alabama,Jefferson,658573.0
Alabama,Lamar,13805.0
Alabama,Lauderdale,92729.0
Alabama,Lawrence,32924.0
Alabama,Lee,164542.0
Alabama,Limestone,98915.0
Alabama,Lowndes,9726.0
Alabama,Macon,18068.0
Alabama,Madison,372909.0
Alabama,Marengo,18863.0
Alabama,Marion,29709.0
Alabama,Marshall,96774.0
Alabama,Mobile,413210.0
Alabama,Monroe,20733.0
Alabama,Montgomery,226486.0
Alabama,Morgan,119679.0
Alabama,Perry,8923.0
Alabama,Pickens,19930.0
Alabama,Pike,33114.0
Alabama,Randolph,22722.0
Alabama,Russell,57961.0
Alabama,St. Clair,89512.0
Alabama,Shelby,217702.0
Alabama,Sumter,12427.0
Alabama,Talladega,79978.0
Alabama,Tallapoosa,40367.0
Alabama,Tuscaloosa,209355.0
Alabama,Walker,63521.0
Alabama,Washington,16326.0
Alabama,Wilcox,10373.0
Alabama,Winston,23629.0
Alaska,Aleutians East,3337.0
Alaska,Aleutians West,5634.0
Alaska,Anchorage,288000.0
Alaska,Bethel,18386.0
Alaska,Bristol Bay,836.0
Alaska,Denali,2097.0
Alaska,Dillingham,4916.0
Alaska,Fairbanks North Star,96849.0
Alaska,Haines,2530.0
Alaska,Hoonah-Angoon,2148.0
Alaska,Juneau City,31974.0
Alaska,Kenai Peninsula,58708.0
Alaska,Ketchikan Gateway,13901.0
Alaska,Kodiak Island,12998.0
Alaska,Kusilvak,8314.0
Alaska,Lake Peninsula,1592.0
Alaska,Matanuska-Susitna,108317.0
Alaska,Nome,10004.0
Alaska,North Slope,9832.0
Alaska,Northwest Arctic,7621.0
Alaska,Petersburg,3266.0
Alaska,Prince of Wales-Hyder,6203.0
Alaska,Sitka City,8493.0
Alaska,Skagway,1183.0
Alaska,Southeast Fairbanks,6893.0
Alaska,Valdez-Cordova,9202.0
Alaska,Wrangell City,2502.0
Alaska,Yakutat City,579.0
Alaska,Yukon-Koyukuk,5230.0
Arizona,Apache,71887.0
Arizona,Cochise,125922.0
Arizona,Coconino,143476.0
Arizona,Gila,54018.0
Arizona,Graham,38837.0
Arizona,Greenlee,9498.0
Arizona,La Paz,21108.0
Arizona,Maricopa,4485414.0
Arizona,Mohave,212181.0
Arizona,Navajo,110924.0
Arizona,Pima,1047279.0
Arizona,Pinal,462789.0
Arizona,Santa Cruz,46498.0
Arizona,Yavapai,235099.0
Arizona,Yuma,213787.0
Arkansas,Arkansas,17486.0
Arkansas,Ashley,19657.0
Arkansas,Baxter,41932.0
Arkansas,Benton,279141.0
Arkansas,Boone,37432.0
Arkansas,Bradley,10763.0
Arkansas,Calhoun,5189.0
Arkansas,Carroll,28380.0
Arkansas,Chicot,10118.0
Arkansas,Clark,22320.0
Arkansas,Clay,14551.0
Arkansas,Cleburne,24919.0
Arkansas,Cleveland,7956.0
Arkansas,Columbia,23457.0
Arkansas,Conway,20846.0
Arkansas,Craighead,110332.0
Arkansas,Crawford,63257.0
Arkansas,Crittenden,47955.0
Arkansas,Cross,16419.0
Arkansas,Dallas,7009.0
Arkansas,Desha,11361.0
Arkansas,Drew,18219.0
Arkansas,Faulkner,126007.0
Arkansas,Franklin,17715.0
Arkansas,Fulton,12477.0
Arkansas,Garland,99386.0
Arkansas,Grant,18265.0
Arkansas,Greene,45325.0
Arkansas,Hempstead,21532.0
Arkansas,Hot Spring,33771.0
Arkansas,Howard,13202.0
Arkansas,Independence,37825.0
Arkansas,Izard,13629.0
Arkansas,Jackson,16719.0
Arkansas,Jefferson,66824.0
Arkansas,Johnson,26578.0
Arkansas,Lafayette,6624.0
Arkansas,Lawrence,16406.0
Arkansas,Lee,8857.0
Arkansas,Lincoln,13024.0
Arkansas,Little River,12259.0
Arkansas,Logan,21466.0
Arkansas,Lonoke,73309.0
Arkansas,Madison,16576.0
Arkansas,Marion,16694.0
Arkansas,Miller,43257.0
Arkansas,Mississippi,40651.0
Arkansas,Monroe,6701.0
Arkansas,Montgomery,8986.0
Arkansas,Nevada,8252.0
Arkansas,Newton,7753.0
Arkansas,Ouachita,23382.0
Arkansas,Perry,10455.0
Arkansas,Phillips,17782.0
Arkansas,Pike,10718.0
Arkansas,Poinsett,23528.0
Arkansas,Polk,19964.0
Arkansas,Pope,64072.0
Arkansas,Prairie,8062.0
Arkansas,Pulaski,391911.0
Arkansas,Randolph,17958.0
Arkansas,St. Francis,24994.0
Arkansas,Saline,122437.0
Arkansas,Scott,10281.0
Arkansas,Searcy,7881.0
Arkansas,Sebastian,127827.0
Arkansas,Sevier,17007.0
Arkansas,Sharp,17442.0
Arkansas,Stone,12506.0
Arkansas,Union,38682.0
Arkansas,Van Buren,16545.0
Arkansas,Washington,239187.0
Arkansas,White,78753.0
Arkansas,Woodruff,6320.0
Arkansas,Yell,21341.0
California,Alameda,1671329.0
California,Alpine,1129.0
California,Amador,39752.0
California,Butte,219186.0
California,Calaveras,45905.0
California,Colusa,21547.0
California,Contra Costa,1153526.0
California,Del Norte,27812.0
California,El Dorado,192843.0
California,Fresno,999101.0
California,Glenn,28393.0
California,Humboldt,135558.0
California,Imperial,181215.0
California,Inyo,18039.0
California,Kern,900202.0
California,Kings,152940.0
California,Lake,64386.0
California,Lassen,30573.0
California,Los Angeles,10039107.0
California,Madera,157327.0
California,Marin,258826.0
California,Mariposa,17203.0
California,Mendocino,86749.0
California,Merced,277680.0
California,Modoc,8841.0
California,Mono,14444.0
California,Monterey,434061.0
California,Napa,137744.0
California,Nevada,99755.0
California,Orange,3175692.0
California,Placer,398329.0
California,Plumas,18807.0
California,Riverside,2470546.0
California,Sacramento,1552058.0
California,San Benito,62808.0
California,San Bernardino,2180085.0
California,San Diego,3338330.0
California,San Francisco,881549.0
California,San Joaquin,762148.0
California,San Luis Obispo,283111.0
California,San Mateo,766573.0
California,Santa Barbara,446499.0
California,Santa Clara,1927852.0
California,Santa Cruz,273213.0
California,Shasta,180080.0
California,Sierra,3005.0
California,Siskiyou,43539.0
California,Solano,447643.0
California,Sonoma,494336.0
California,Stanislaus,550660.0
California,Sutter,96971.0
California,Tehama,65084.0
California,Trinity,12285.0
California,Tulare,466195.0
California,Tuolumne,54478.0
California,Ventura,846006.0
California,Yolo,220500.0
California,Yuba,78668.0
Colorado,Adams,517421.0
Colorado,Alamosa,16233.0
Colorado,Arapahoe,656590.0
Colorado,Archuleta,14029.0
Colorado,Baca,3581.0
Colorado,Bent,5577.0
Colorado,Boulder,326196.0
Colorado,Broomfield,70465.0
Colorado,Chaffee,20356.0
Colorado,Cheyenne,1831.0
Colorado,Clear Creek,9700.0
Colorado,Conejos,8205.0
Colorado,Costilla,3887.0
Colorado,Crowley,6061.0
Colorado,Custer,5068.0
Colorado,Delta,31162.0
Colorado,Denver,727211.0
Colorado,Dolores,2055.0
Colorado,Douglas,351154.0
Colorado,Eagle,55127.0
Colorado,Elbert,26729.0
Colorado,El Paso,720403.0
Colorado,Fremont,47839.0
Colorado,Garfield,60061.0
Colorado,Gilpin,6243.0
Colorado,Grand,15734.0
Colorado,Gunnison,17462.0
Colorado,Hinsdale,820.0
Colorado,Huerfano,6897.0
Colorado,Jackson,1392.0
Colorado,Jefferson,582881.0
Colorado,Kiowa,1406.0
Colorado,Kit Carson,7097.0
Colorado,Lake,8127.0
Colorado,La Plata,56221.0
Colorado,Larimer,356899.0
Colorado,Las Animas,14506.0
Colorado,Lincoln,5701.0
Colorado,Logan,22409.0
Colorado,Mesa,154210.0
Colorado,Mineral,769.0
Colorado,Moffat,13283.0
Colorado,Montezuma,26183.0
Colorado,Montrose,42758.0
Colorado,Morgan,29068.0
Colorado,Otero,18278.0
Colorado,Ouray,4952.0
Colorado,Park,18845.0
Colorado,Phillips,4265.0
Colorado,Pitkin,17767.0
Colorado,Prowers,12172.0
Colorado,Pueblo,168424.0
Colorado,Rio Blanco,6324.0
Colorado,Rio Grande,11267.0
Colorado,Routt,25638.0
Colorado,Saguache,6824.0
Colorado,San Juan,728.0
Colorado,San Miguel,8179.0
Colorado,Sedgwick,2248.0
Colorado,Summit,31011.0
Colorado,Teller,25388.0
Colorado,Washington,4908.0
Colorado,Weld,324492.0
Colorado,Yuma,10019.0
Connecticut,Fairfield,943332.0
Connecticut,Hartford,891720.0
Connecticut,Litchfield,180333.0
Connecticut,Middlesex,162436.0
Connecticut,New Haven,854757.0
Connecticut,New London,265206.0
Connecticut,Tolland,150721.0
Connecticut,Windham,116782.0
Delaware,Kent,180786.0
Delaware,New Castle,558753.0
Delaware,Sussex,234225.0
District of Columbia,District of Columbia,705749.0
Florida,Alachua,269043.0
Florida,Baker,29210.0
Florida,Bay,174705.0
Florida,Bradford,28201.0
Florida,Brevard,601942.0
Florida,Broward,1952778.0
Florida,Calhoun,14105.0
Florida,Charlotte,188910.0
Florida,Citrus,149657.0
Florida,Clay,219252.0
Florida,Collier,384902.0
Florida,Columbia,71686.0
Florida,DeSoto,38001.0
Florida,Dixie,16826.0
Florida,Duval,957755.0
Florida,Escambia,318316.0
Florida,Flagler,115081.0
Florida,Franklin,12125.0
Florida,Gadsden,45660.0
Florida,Gilchrist,18582.0
Florida,Glades,13811.0
Florida,Gulf,13639.0
Florida,Hamilton,14428.0
Florida,Hardee,26937.0
Florida,Hendry,42022.0
Florida,Hernando,193920.0
Florida,Highlands,106221.0
Florida,Hillsborough,1471968.0
Florida,Holmes,19617.0
Florida,Indian River,159923.0
Florida,Jackson,46414.0
Florida,Jefferson,14246.0
Florida,Lafayette,8422.0
Florida,Lake,367118.0
Florida,Lee,770577.0
Florida,Leon,293582.0
Florida,Levy,41503.0
Florida,Liberty,8354.0
Florida,Madison,18493.0
Florida,Manatee,403253.0
Florida,Marion,365579.0
Florida,Martin,161000.0
Florida,Miami-Dade,2716940.0
Florida,Monroe,74228.0
Florida,Nassau,88625.0
Florida,Okaloosa,210738.0
Florida,Okeechobee,42168.0
Florida,Orange,1393452.0
Florida,Osceola,375751.0
Florida,Palm Beach,1496770.0
Florida,Pasco,553947.0
Florida,Pinellas,974996.0
Florida,Polk,724777.0
Florida,Putnam,74521.0
Florida,St. Johns,264672.0
Florida,St. Lucie,328297.0
Florida,Santa Rosa,184313.0
Florida,Sarasota,433742.0
Florida,Seminole,471826.0
Florida,Sumter,132420.0
Florida,Suwannee,44417.0
Florida,Taylor,21569.0
Florida,Union,15237.0
Florida,Volusia,553284.0
Florida,Wakulla,33739.0
Florida,Walton,74071.0
Florida,Washington,25473.0
Georgia,Appling,18386.0
Georgia,Atkinson,8165.0
Georgia,Bacon,11164.0
Georgia,Baker,3038.0
Georgia,Baldwin,44890.0
Georgia,Banks,19234.0
Georgia,Barrow,83240.0
Georgia,Bartow,107738.0
Georgia,Ben Hill,16700.0
Georgia,Berrien,19397.0
Georgia,Bibb,153159.0
Georgia,Bleckley,12873.0
Georgia,Brantley,19109.0
Georgia,Brooks,15457.0
Georgia,Bryan,39627.0
Georgia,Bulloch,79608.0
Georgia,Burke,22383.0
Georgia,Butts,24936.0
Georgia,Calhoun,6189.0
Georgia,Camden,54666.0
Georgia,Candler,10803.0
Georgia,Carroll,119992.0
Georgia,Catoosa,67580.0
Georgia,Charlton,13392.0
Georgia,Chatham,289430.0
Georgia,Chattahoochee,10907.0
Georgia,Chattooga,24789.0
Georgia,Cherokee,258773.0
Georgia,Clarke,128331.0
Georgia,Clay,2834.0
Georgia,Clayton,292256.0
Georgia,Clinch,6618.0
Georgia,Cobb,760141.0
Georgia,Coffee,43273.0
Georgia,Colquitt,45600.0
Georgia,Columbia,156714.0
Georgia,Cook,17270.0
Georgia,Coweta,148509.0
Georgia,Crawford,12404.0
Georgia,Crisp,22372.0
Georgia,Dade,16116.0
Georgia,Dawson,26108.0
Georgia,Decatur,26404.0
Georgia,DeKalb,759297.0
Georgia,Dodge,20605.0
Georgia,Dooly,13390.0
Georgia,Dougherty,87956.0
Georgia,Douglas,146343.0
Georgia,Early,10190.0
Georgia,Echols,4006.0
Georgia,Effingham,64296.0
Georgia,Elbert,19194.0
Georgia,Emanuel,22646.0
Georgia,Evans,10654.0
Georgia,Fannin,26188.0
Georgia,Fayette,114421.0
Georgia,Floyd,98498.0
Georgia,Forsyth,244252.0
Georgia,Franklin,23349.0
Georgia,Fulton,1063937.0
Georgia,Gilmer,31369.0
Georgia,Glascock,2971.0
Georgia,Glynn,85292.0
Georgia,Gordon,57963.0
Georgia,Grady,24633.0
Georgia,Greene,18324.0
Georgia,Gwinnett,936250.0
Georgia,Habersham,45328.0
Georgia,Hall,204441.0
Georgia,Hancock,8457.0
Georgia,Haralson,29792.0
Georgia,Harris,35236.0
Georgia,Hart,26205.0
Georgia,Heard,11923.0
Georgia,Henry,234561.0
Georgia,Houston,157863.0
Georgia,Irwin,9416.0
Georgia,Jackson,72977.0
Georgia,Jasper,14219.0
Georgia,Jeff Davis,15115.0
Georgia,Jefferson,15362.0
Georgia,Jenkins,8676.0
Georgia,Johnson,9643.0
Georgia,Jones,28735.0
Georgia,Lamar,19077.0
Georgia,Lanier,10423.0
Georgia,Laurens,47546.0
Georgia,Lee,29992.0
Georgia,Liberty,61435.0
Georgia,Lincoln,7921.0
Georgia,Long,19559.0
Georgia,Lowndes,117406.0
Georgia,Lumpkin,33610.0
Georgia,McDuffie,21312.0
Georgia,McIntosh,14378.0
Georgia,Macon,12947.0
Georgia,Madison,29880.0
Georgia,Marion,8359.0
Georgia,Meriwether,21167.0
Georgia,Miller,5718.0
Georgia,Mitchell,21863.0
Georgia,Monroe,27578.0
Georgia,Montgomery,9172.0
Georgia,Morgan,19276.0
Georgia,Murray,40096.0
Georgia,Muscogee,195769.0
Georgia,Newton,111744.0
Georgia,Oconee,40280.0
Georgia,Oglethorpe,15259.0
Georgia,Paulding,168667.0
Georgia,Peach,27546.0
Georgia,Pickens,32591.0
Georgia,Pierce,19465.0
Georgia,Pike,18962.0
Georgia,Polk,42613.0
Georgia,Pulaski,11137.0
Georgia,Putnam,22119.0
Georgia,Quitman,2299.0
Georgia,Rabun,17137.0
Georgia,Randolph,6778.0
Georgia,Richmond,202518.0
Georgia,Rockdale,90896.0
Georgia,Schley,5257.0
Georgia,Screven,13966.0
Georgia,Seminole,8090.0
Georgia,Spalding,66703.0
Georgia,Stephens,25925.0
Georgia,Stewart,6621.0
Georgia,Sumter,29524.0
Georgia,Talbot,6195.0
Georgia,Taliaferro,1537.0
Georgia,Tattnall,25286.0
Georgia,Taylor,8020.0
Georgia,Telfair,15860.0
Georgia,Terrell,8531.0
Georgia,Thomas,44451.0
Georgia,Tift,40644.0
Georgia,Toombs,26830.0
Georgia,Towns,12037.0
Georgia,Treutlen,6901.0
Georgia,Troup,69922.0
Georgia,Turner,7985.0
Georgia,Twiggs,8120.0
Georgia,Union,24511.0
Georgia,Upson,26320.0
Georgia,Walker,69761.0
Georgia,Walton,94593.0
Georgia,Ware,35734.0
Georgia,Warren,5254.0
Georgia,Washington,20374.0
Georgia,Wayne,29927.0
Georgia,Webster,2607.0
Georgia,Wheeler,7855.0
Georgia,White,30798.0
Georgia,Whitfield,104628.0
Georgia,Wilcox,8635.0
Georgia,Wilkes,9777.0
Georgia,Wilkinson,8954.0
Georgia,Worth,20247.0
Hawaii,Hawaii,201513.0
Hawaii,Honolulu,974563.0
Hawaii,Kalawao,86.0
Hawaii,Kauai,72293.0
Hawaii,Maui,167417.0
Idaho,Ada,481587.0
Idaho,Adams,4294.0
Idaho,Bannock,87808.0
Idaho,Bear Lake,6125.0
Idaho,Benewah,9298.0
Idaho,Bingham,46811.0
Idaho,Blaine,23021.0
Idaho,Boise,7831.0
Idaho,Bonner,45739.0
Idaho,Bonneville,119062.0
Idaho,Boundary,12245.0
Idaho,Butte,2597.0
Idaho,Camas,1106.0
Idaho,Canyon,229849.0
Idaho,Caribou,7155.0
Idaho,Cassia,24030.0
Idaho,Clark,845.0
Idaho,Clearwater,8756.0
Idaho,Custer,4315.0
Idaho,Elmore,27511.0
Idaho,Franklin,13876.0
Idaho,Fremont,13099.0
Idaho,Gem,18112.0
Idaho,Gooding,15179.0
Idaho,Idaho,16667.0
Idaho,Jefferson,29871.0
Idaho,Jerome,24412.0
Idaho,Kootenai,165697.0
Idaho,Latah,40108.0
Idaho,Lemhi,8027.0
Idaho,Lewis,3838.0
Idaho,Lincoln,5366.0
Idaho,Madison,39907.0
Idaho,Minidoka,21039.0
Idaho,Nez Perce,40408.0
Idaho,Oneida,4531.0
Idaho,Owyhee,11823.0
Idaho,Payette,23951.0
Idaho,Power,7681.0
Idaho,Shoshone,12882.0
Idaho,Teton,12142.0
Idaho,Twin Falls,86878.0
Idaho,Valley,11392.0
Idaho,Washington,10194.0
Illinois,Adams,65435.0
Illinois,Alexander,5761.0
Illinois,Bond,16426.0
Illinois,Boone,53544.0
Illinois,Brown,6578.0
Illinois,Bureau,32628.0
Illinois,Calhoun,4739.0
Illinois,Carroll,14305.0
Illinois,Cass,12147.0
Illinois,Champaign,209689.0
Illinois,Christian,32304.0
Illinois,Clark,15441.0
Illinois,Clay,13184.0
Illinois,Clinton,37562.0
Illinois,Coles,50621.0
Illinois,Cook,5150233.0
Illinois,Crawford,18667.0
Illinois,Cumberland,10766.0
Illinois,DeKalb,104897.0
Illinois,De Witt,15638.0
Illinois,Douglas,19465.0
Illinois,DuPage,922921.0
Illinois,Edgar,17161.0
Illinois,Edwards,6395.0
Illinois,Effingham,34008.0
Illinois,Fayette,21336.0
Illinois,Ford,12961.0
Illinois,Franklin,38469.0
Illinois,Fulton,34340.0
Illinois,Gallatin,4828.0
Illinois,Greene,12969.0
Illinois,Grundy,51054.0
Illinois,Hamilton,8116.0
Illinois,Hancock,17708.0
Illinois,Hardin,3821.0
Illinois,Henderson,6646.0
Illinois,Henry,48913.0
Illinois,Iroquois,27114.0
Illinois,Jackson,56750.0
Illinois,Jasper,9610.0
Illinois,Jefferson,37684.0
Illinois,Jersey,21773.0
Illinois,Jo Daviess,21235.0
Illinois,Johnson,12417.0
Illinois,Kane,532403.0
Illinois,Kankakee,109862.0
Illinois,Kendall,128990.0
Illinois,Knox,49699.0
Illinois,Lake,696535.0
Illinois,LaSalle,108669.0
Illinois,Lawrence,15678.0
Illinois,Lee,34096.0
Illinois,Livingston,35648.0
Illinois,Logan,28618.0
Illinois,McDonough,29682.0
Illinois,McHenry,307774.0
Illinois,McLean,171517.0
Illinois,Macon,104009.0
Illinois,Macoupin,44926.0
Illinois,Madison,262966.0
Illinois,Marion,37205.0
Illinois,Marshall,11438.0
Illinois,Mason,13359.0
Illinois,Massac,13772.0
Illinois,Menard,12196.0
Illinois,Mercer,15437.0
Illinois,Monroe,34637.0
Illinois,Montgomery,28414.0
Illinois,Morgan,33658.0
Illinois,Moultrie,14501.0
Illinois,Ogle,50643.0
Illinois,Peoria,179179.0
Illinois,Perry,20916.0
Illinois,Piatt,16344.0
Illinois,Pike,15561.0
Illinois,Pope,4177.0
Illinois,Pulaski,5335.0
Illinois,Putnam,5739.0
Illinois,Randolph,31782.0
Illinois,Richland,15513.0
Illinois,Rock Island,141879.0
Illinois,St. Clair,259686.0
Illinois,Saline,23491.0
Illinois,Sangamon,194672.0
Illinois,Schuyler,6768.0
Illinois,Scott,4951.0
Illinois,Shelby,21634.0
Illinois,Stark,5342.0
Illinois,Stephenson,44498.0
Illinois,Tazewell,131803.0
Illinois,Union,16653.0
Illinois,Vermilion,75758.0
Illinois,Wabash,11520.0
Illinois,Warren,16844.0
Illinois,Washington,13887.0
Illinois,Wayne,16215.0
Illinois,White,13537.0
Illinois,Whiteside,55175.0
Illinois,Will,690743.0
Illinois,Williamson,66597.0
Illinois,Winnebago,282572.0
Illinois,Woodford,38459.0
Indiana,Adams,35777.0
Indiana,Allen,379299.0
Indiana,Bartholomew,83779.0
Indiana,Benton,8748.0
Indiana,Blackford,11758.0
Indiana,Boone,67843.0
Indiana,Brown,15092.0
Indiana,Carroll,20257.0
Indiana,Cass,37689.0
Indiana,Clark,118302.0
Indiana,Clay,26225.0
Indiana,Clinton,32399.0
Indiana,Crawford,10577.0
Indiana,Daviess,33351.0
Indiana,Dearborn,49458.0
Indiana,Decatur,26559.0
Indiana,DeKalb,43475.0
Indiana,Delaware,114135.0
Indiana,Dubois,42736.0
Indiana,Elkhart,206341.0
Indiana,Fayette,23102.0
Indiana,Floyd,78522.0
Indiana,Fountain,16346.0
Indiana,Franklin,22758.0
Indiana,Fulton,19974.0
Indiana,Gibson,33659.0
Indiana,Grant,65769.0
Indiana,Greene,31922.0
Indiana,Hamilton,338011.0
Indiana,Hancock,78168.0
Indiana,Harrison,40515.0
Indiana,Hendricks,170311.0
Indiana,Henry,47972.0
Indiana,Howard,82544.0
Indiana,Huntington,36520.0
Indiana,Jackson,44231.0
Indiana,Jasper,33562.0
Indiana,Jay,20436.0
Indiana,Jefferson,32308.0
Indiana,Jennings,27735.0
Indiana,Johnson,158167.0
Indiana,Knox,36594.0
Indiana,Kosciusko,79456.0
Indiana,LaGrange,39614.0
Indiana,Lake,485493.0
Indiana,LaPorte,109888.0
Indiana,Lawrence,45370.0
Indiana,Madison,129569.0
Indiana,Marion,964582.0
Indiana,Marshall,46258.0
Indiana,Martin,10255.0
Indiana,Miami,35516.0
Indiana,Monroe,148431.0
Indiana,Montgomery,38338.0
Indiana,Morgan,70489.0
Indiana,Newton,13984.0
Indiana,Noble,47744.0
Indiana,Ohio,5875.0
Indiana,Orange,19646.0
Indiana,Owen,20799.0
Indiana,Parke,16937.0
Indiana,Perry,19169.0
Indiana,Pike,12389.0
Indiana,Porter,170389.0
Indiana,Posey,25427.0
Indiana,Pulaski,12353.0
Indiana,Putnam,37576.0
Indiana,Randolph,24665.0
Indiana,Ripley,28324.0
Indiana,Rush,16581.0
Indiana,St. Joseph,271826.0
Indiana,Scott,23873.0
Indiana,Shelby,44729.0
Indiana,Spencer,20277.0
Indiana,Starke,22995.0
Indiana,Steuben,34594.0
Indiana,Sullivan,20669.0
Indiana,Switzerland,10751.0
Indiana,Tippecanoe,195732.0
Indiana,Tipton,15148.0
Indiana,Union,7054.0
Indiana,Vanderburgh,181451.0
Indiana,Vermillion,15498.0
Indiana,Vigo,107038.0
Indiana,Wabash,30996.0
Indiana,Warren,8265.0
Indiana,Warrick,62998.0
Indiana,Washington,28036.0
Indiana,Wayne,65884.0
Indiana,Wells,28296.0
Indiana,White,24102.0
Indiana,Whitley,33964.0
Iowa,Adair,7152.0
Iowa,Adams,3602.0
Iowa,Allamakee,13687.0
Iowa,Appanoose,12426.0
Iowa,Audubon,5496.0
Iowa,Benton,25645.0
Iowa,Black Hawk,131228.0
Iowa,Boone,26234.0
Iowa,Bremer,25062.0
Iowa,Buchanan,21175.0
Iowa,Buena Vista,19620.0
Iowa,Butler,14439.0
Iowa,Calhoun,9668.0
Iowa,Carroll,20165.0
Iowa,Cass,12836.0
Iowa,Cedar,18627.0
Iowa,Cerro Gordo,42450.0
Iowa,Cherokee,11235.0
Iowa,Chickasaw,11933.0
Iowa,Clarke,9395.0
Iowa,Clay,16016.0
Iowa,Clayton,17549.0
Iowa,Clinton,46429.0
Iowa,Crawford,16820.0
Iowa,Dallas,93453.0
Iowa,Davis,9000.0
Iowa,Decatur,7870.0
Iowa,Delaware,17011.0
Iowa,Des Moines,38967.0
Iowa,Dickinson,17258.0
Iowa,Dubuque,97311.0
Iowa,Emmet,9208.0
Iowa,Fayette,19650.0
Iowa,Floyd,15642.0
Iowa,Franklin,10070.0
Iowa,Fremont,6960.0
Iowa,Greene,8888.0
Iowa,Grundy,12232.0
Iowa,Guthrie,10689.0
Iowa,Hamilton,14773.0
Iowa,Hancock,10630.0
Iowa,Hardin,16846.0
Iowa,Harrison,14049.0
Iowa,Henry,19954.0
Iowa,Howard,9158.0
Iowa,Humboldt,9558.0
Iowa,Ida,6860.0
Iowa,Iowa,16184.0
Iowa,Jackson,19439.0
Iowa,Jasper,37185.0
Iowa,Jefferson,18295.0
Iowa,Johnson,151140.0
Iowa,Jones,20681.0
Iowa,Keokuk,10246.0
Iowa,Kossuth,14813.0
Iowa,Lee,33657.0
Iowa,Linn,226706.0
Iowa,Louisa,11035.0
Iowa,Lucas,8600.0
Iowa,Lyon,11755.0
Iowa,Madison,16338.0
Iowa,Mahaska,22095.0
Iowa,Marion,33253.0
Iowa,Marshall,39369.0
Iowa,Mills,15109.0
Iowa,Mitchell,10586.0
Iowa,Monona,8615.0
Iowa,Monroe,7707.0
Iowa,Montgomery,9917.0
Iowa,Muscatine,42664.0
Iowa,O'Brien,13753.0
Iowa,Osceola,5958.0
Iowa,Page,15107.0
Iowa,Palo Alto,8886.0
Iowa,Plymouth,25177.0
Iowa,Pocahontas,6619.0
Iowa,Polk,490161.0
Iowa,Pottawattamie,93206.0
Iowa,Poweshiek,18504.0
Iowa,Ringgold,4894.0
Iowa,Sac,9721.0
Iowa,Scott,172943.0
Iowa,Shelby,11454.0
Iowa,Sioux,34855.0
Iowa,Story,97117.0
Iowa,Tama,16854.0
Iowa,Taylor,6121.0
Iowa,Union,12241.0
Iowa,Van Buren,7044.0
Iowa,Wapello,34969.0
Iowa,Warren,51466.0
Iowa,Washington,21965.0
Iowa,Wayne,6441.0
Iowa,Webster,35904.0
Iowa,Winnebago,10354.0
Iowa,Winneshiek,19991.0
Iowa,Woodbury,103107.0
Iowa,Worth,7381.0
Iowa,Wright,12562.0
Kansas,Allen,12369.0
Kansas,Anderson,7858.0
Kansas,Atchison,16073.0
Kansas,Barber,4427.0
Kansas,Barton,25779.0
Kansas,Bourbon,14534.0
Kansas,Brown,9564.0
Kansas,Butler,66911.0
Kansas,Chase,2648.0
Kansas,Chautauqua,3250.0
Kansas,Cherokee,19939.0
Kansas,Cheyenne,2657.0
Kansas,Clark,1994.0
Kansas,Clay,8002.0
Kansas,Cloud,8786.0
Kansas,Coffey,8179.0
Kansas,Comanche,1700.0
Kansas,Cowley,34908.0
Kansas,Crawford,38818.0
Kansas,Decatur,2827.0
Kansas,Dickinson,18466.0
Kansas,Doniphan,7600.0
Kansas,Douglas,122259.0
Kansas,Edwards,2798.0
Kansas,Elk,2530.0
Kansas,Ellis,28553.0
Kansas,Ellsworth,6102.0
Kansas,Finney,36467.0
Kansas,Ford,33619.0
Kansas,Franklin,25544.0
Kansas,Geary,31670.0
Kansas,Gove,2636.0
Kansas,Graham,2482.0
Kansas,Grant,7150.0
Kansas,Gray,5988.0
Kansas,Greeley,1232.0
Kansas,Greenwood,5982.0
Kansas,Hamilton,2539.0
Kansas,Harper,5436.0
Kansas,Harvey,34429.0
Kansas,Haskell,3968.0
Kansas,Hodgeman,1794.0
Kansas,Jackson,13171.0
Kansas,Jefferson,19043.0
Kansas,Jewell,2879.0
Kansas,Johnson,602401.0
Kansas,Kearny,3838.0
Kansas,Kingman,7152.0
Kansas,Kiowa,2475.0
Kansas,Labette,19618.0
Kansas,Lane,1535.0
Kansas,Leavenworth,81758.0
Kansas,Lincoln,2962.0
Kansas,Linn,9703.0
Kansas,Logan,2794.0
Kansas,Lyon,33195.0
Kansas,McPherson,28542.0
Kansas,Marion,11884.0
Kansas,Marshall,9707.0
Kansas,Meade,4033.0
Kansas,Miami,34237.0
Kansas,Mitchell,5979.0
Kansas,Montgomery,31829.0
Kansas,Morris,5620.0
Kansas,Morton,2587.0
Kansas,Nemaha,10231.0
Kansas,Neosho,16007.0
Kansas,Ness,2750.0
Kansas,Norton,5361.0
Kansas,Osage,15949.0
Kansas,Osborne,3421.0
Kansas,Ottawa,5704.0
Kansas,Pawnee,6414.0
Kansas,Phillips,5234.0
Kansas,Pottawatomie,24383.0
Kansas,Pratt,9164.0
Kansas,Rawlins,2530.0
Kansas,Reno,61998.0
Kansas,Republic,4636.0
Kansas,Rice,9537.0
Kansas,Riley,74232.0
Kansas,Rooks,4920.0
Kansas,Rush,3036.0
Kansas,Russell,6856.0
Kansas,Saline,54224.0
Kansas,Scott,4823.0
Kansas,Sedgwick,516042.0
Kansas,Seward,21428.0
Kansas,Shawnee,176875.0
Kansas,Sheridan,2521.0
Kansas,Sherman,5917.0
Kansas,Smith,3583.0
Kansas,Stafford,4156.0
Kansas,Stanton,2006.0
Kansas,Stevens,5485.0
Kansas,Sumner,22836.0
Kansas,Thomas,7777.0
Kansas,Trego,2803.0
Kansas,Wabaunsee,6931.0
Kansas,Wallace,1518.0
Kansas,Washington,5406.0
Kansas,Wichita,2119.0
Kansas,Wilson,8525.0
Kansas,Woodson,3138.0
Kansas,Wyandotte,165429.0
Kentucky,Adair,19202.0
Kentucky,Allen,21315.0
Kentucky,Anderson,22747.0
Kentucky,Ballard,7888.0
Kentucky,Barren,44249.0
Kentucky,Bath,12500.0
Kentucky,Bell,26032.0
Kentucky,Boone,133581.0
Kentucky,Bourbon,19788.0
Kentucky,Boyd,46718.0
Kentucky,Boyle,30060.0
Kentucky,Bracken,8303.0
Kentucky,Breathitt,12630.0
Kentucky,Breckinridge,20477.0
Kentucky,Bullitt,81676.0
Kentucky,Butler,12879.0
Kentucky,Caldwell,12747.0
Kentucky,Calloway,39001.0
Kentucky,Campbell,93584.0
Kentucky,Carlisle,4760.0
Kentucky,Carroll,10631.0
Kentucky,Carter,26797.0
Kentucky,Casey,16159.0
Kentucky,Christian,70461.0
Kentucky,Clark,36263.0
Kentucky,Clay,19901.0
Kentucky,Clinton,10218.0
Kentucky,Crittenden,8806.0
Kentucky,Cumberland,6614.0
Kentucky,Daviess,101511.0
Kentucky,Edmonson,12150.0
Kentucky,Elliott,7517.0
Kentucky,Estill,14106.0
Kentucky,Fayette,323152.0
Kentucky,Fleming,14581.0
Kentucky,Floyd,35589.0
Kentucky,Franklin,50991.0
Kentucky,Fulton,5969.0
Kentucky,Gallatin,8869.0
Kentucky,Garrard,17666.0
Kentucky,Grant,25069.0
Kentucky,Graves,37266.0
Kentucky,Grayson,26427.0
Kentucky,Green,10941.0
Kentucky,Greenup,35098.0
Kentucky,Hancock,8722.0
Kentucky,Hardin,110958.0
Kentucky,Harlan,26010.0
Kentucky,Harrison,18886.0
Kentucky,Hart,19035.0
Kentucky,Henderson,45210.0
Kentucky,Henry,16126.0
Kentucky,Hickman,4380.0
Kentucky,Hopkins,44686.0
Kentucky,Jackson,13329.0
Kentucky,Jefferson,766757.0
Kentucky,Jessamine,54115.0
Kentucky,Johnson,22188.0
Kentucky,Kenton,166998.0
Kentucky,Knott,14806.0
Kentucky,Knox,31145.0
Kentucky,Larue,14398.0
Kentucky,Laurel,60813.0
Kentucky,Lawrence,15317.0
Kentucky,Lee,7403.0
Kentucky,Leslie,9877.0
Kentucky,Letcher,21553.0
Kentucky,Lewis,13275.0
Kentucky,Lincoln,24549.0
Kentucky,Livingston,9194.0
Kentucky,Logan,27102.0
Kentucky,Lyon,8210.0
Kentucky,McCracken,65418.0
Kentucky,McCreary,17231.0
Kentucky,McLean,9207.0
Kentucky,Madison,92987.0
Kentucky,Magoffin,12161.0
Kentucky,Marion,19273.0
Kentucky,Marshall,31100.0
Kentucky,Martin,11195.0
Kentucky,Mason,17070.0
Kentucky,Meade,28572.0
Kentucky,Menifee,6489.0
Kentucky,Mercer,21933.0
Kentucky,Metcalfe,10071.0
Kentucky,Monroe,10650.0
Kentucky,Montgomery,28157.0
Kentucky,Morgan,13309.0
Kentucky,Muhlenberg,30622.0
Kentucky,Nelson,46233.0
Kentucky,Nicholas,7269.0
Kentucky,Ohio,23994.0
Kentucky,Oldham,66799.0
Kentucky,Owen,10901.0
Kentucky,Owsley,4415.0
Kentucky,Pendleton,14590.0
Kentucky,Perry,25758.0
Kentucky,Pike,57876.0
Kentucky,Powell,12359.0
Kentucky,Pulaski,64979.0
Kentucky,Robertson,2108.0
Kentucky,Rockcastle,16695.0
Kentucky,Rowan,24460.0
Kentucky,Russell,17923.0
Kentucky,Scott,57004.0
Kentucky,Shelby,49024.0
Kentucky,Simpson,18572.0
Kentucky,Spencer,19351.0
Kentucky,Taylor,25769.0
Kentucky,Todd,12294.0
Kentucky,Trigg,14651.0
Kentucky,Trimble,8471.0
Kentucky,Union,14381.0
Kentucky,Warren,132896.0
Kentucky,Washington,12095.0
Kentucky,Wayne,20333.0
Kentucky,Webster,12942.0
Kentucky,Whitley,36264.0
Kentucky,Wolfe,7157.0
Kentucky,Woodford,26734.0
Louisiana,Acadia,62045.0
Louisiana,Allen,25627.0
Louisiana,Ascension,126604.0
Louisiana,Assumption,21891.0
Louisiana,Avoyelles,40144.0
Louisiana,Beauregard,37497.0
Louisiana,Bienville,13241.0
Louisiana,Bossier,127039.0
Louisiana,Caddo,240204.0
Louisiana,Calcasieu,203436.0
Louisiana,Caldwell,9918.0
Louisiana,Cameron,6973.0
Louisiana,Catahoula,9494.0
Louisiana,Claiborne,15670.0
Louisiana,Concordia,19259.0
Louisiana,De Soto,27463.0
Louisiana,East Baton Rouge,440059.0
Louisiana,East Carroll,6861.0
Louisiana,East Feliciana,19135.0
Louisiana,Evangeline,33395.0
Louisiana,Franklin,20015.0
Louisiana,Grant,22389.0
Louisiana,Iberia,69830.0
Louisiana,Iberville,32511.0
Louisiana,Jackson,15744.0
Louisiana,Jefferson,432493.0
Louisiana,Jefferson Davis,31368.0
Louisiana,Lafayette,244390.0
Louisiana,Lafourche,97614.0
Louisiana,LaSalle,14892.0
Louisiana,Lincoln,46742.0
Louisiana,Livingston,140789.0
Louisiana,Madison,10951.0
Louisiana,Morehouse,24874.0
Louisiana,Natchitoches,38158.0
Louisiana,Orleans,390144.0
Louisiana,Ouachita,153279.0
Louisiana,Plaquemines,23197.0
Louisiana,Pointe Coupee,21730.0
Louisiana,Rapides,129648.0
Louisiana,Red River,8442.0
Louisiana,Richland,20122.0
Louisiana,Sabine,23884.0
Louisiana,St. Bernard,47244.0
Louisiana,St. Charles,53100.0
Louisiana,St. Helena,10132.0
Louisiana,St. James,21096.0
Louisiana,St. John the Baptist,42837.0
Louisiana,St. Landry,82124.0
Louisiana,St. Martin,53431.0
Louisiana,St. Mary,49348.0
Louisiana,St. Tammany,260419.0
Louisiana,Tangipahoa,134758.0
Louisiana,Tensas,4334.0
Louisiana,Terrebonne,110461.0
Louisiana,Union,22108.0
Louisiana,Vermilion,59511.0
Louisiana,Vernon,47429.0
Louisiana,Washington,46194.0
Louisiana,Webster,38340.0
Louisiana,West Baton Rouge,26465.0
Louisiana,West Carroll,10830.0
Louisiana,West Feliciana,15568.0
Louisiana,Winn,13904.0
Maine,Androscoggin,108277.0
Maine,Aroostook,67055.0
Maine,Cumberland,295003.0
Maine,Franklin,30199.0
Maine,Hancock,54987.0
Maine,Kennebec,122302.0
Maine,Knox,39772.0
Maine,Lincoln,34634.0
Maine,Oxford,57975.0
Maine,Penobscot,152148.0
Maine,Piscataquis,16785.0
Maine,Sagadahoc,35856.0
Maine,Somerset,50484.0
Maine,Waldo,39715.0
Maine,Washington,31379.0
Maine,York,207641.0
Maryland,Allegany,70416.0
Maryland,Anne Arundel,579234.0
Maryland,Baltimore,827370.0
Maryland,Calvert,92525.0
Maryland,Caroline,33406.0
Maryland,Carroll,168447.0
Maryland,Cecil,102855.0
Maryland,Charles,163257.0
Maryland,Dorchester,31929.0
Maryland,Frederick,259547.0
Maryland,Garrett,29014.0
Maryland,Harford,255441.0
Maryland,Howard,325690.0
Maryland,Kent,19422.0
Maryland,Montgomery,1050688.0
Maryland,Prince George's,909327.0
Maryland,Queen Anne's,50381.0
Maryland,St. Mary's,113510.0
Maryland,Somerset,25616.0
Maryland,Talbot,37181.0
Maryland,Washington,151049.0
Maryland,Wicomico,103609.0
Maryland,Worcester,52276.0
Maryland,Baltimore,593490.0
Massachusetts,Barnstable,212990.0
Massachusetts,Berkshire,124944.0
Massachusetts,Bristol,565217.0
Massachusetts,Dukes,17332.0
Massachusetts,Essex,789034.0
Massachusetts,Franklin,70180.0
Massachusetts,Hampden,466372.0
Massachusetts,Hampshire,160830.0
Massachusetts,Middlesex,1611699.0
Massachusetts,Nantucket,11399.0
Massachusetts,Norfolk,706775.0
Massachusetts,Plymouth,521202.0
Massachusetts,Suffolk,803907.0
Massachusetts,Worcester,830622.0
Michigan,Alcona,10405.0
Michigan,Alger,9108.0
Michigan,Allegan,118081.0
Michigan,Alpena,28405.0
Michigan,Antrim,23324.0
Michigan,Arenac,14883.0
Michigan,Baraga,8209.0
Michigan,Barry,61550.0
Michigan,Bay,103126.0
Michigan,Benzie,17766.0
Michigan,Berrien,153401.0
Michigan,Branch,43517.0
Michigan,Calhoun,134159.0
Michigan,Cass,51787.0
Michigan,Charlevoix,26143.0
Michigan,Cheboygan,25276.0
Michigan,Chippewa,37349.0
Michigan,Clare,30950.0
Michigan,Clinton,79595.0
Michigan,Crawford,14029.0
Michigan,Delta,35784.0
Michigan,Dickinson,25239.0
Michigan,Eaton,110268.0
Michigan,Emmet,33415.0
Michigan,Genesee,405813.0
Michigan,Gladwin,25449.0
Michigan,Gogebic,13975.0
Michigan,Grand Traverse,93088.0
Michigan,Gratiot,40711.0
Michigan,Hillsdale,45605.0
Michigan,Houghton,35684.0
Michigan,Huron,30981.0
Michigan,Ingham,292406.0
Michigan,Ionia,64697.0
Michigan,Iosco,25127.0
Michigan,Iron,11066.0
Michigan,Isabella,69872.0
Michigan,Jackson,158510.0
Michigan,Kalamazoo,265066.0
Michigan,Kalkaska,18038.0
Michigan,Kent,656955.0
Michigan,Keweenaw,2116.0
Michigan,Lake,11853.0
Michigan,Lapeer,87607.0
Michigan,Leelanau,21761.0
Michigan,Lenawee,98451.0
Michigan,Livingston,191995.0
Michigan,Luce,6229.0
Michigan,Mackinac,10799.0
Michigan,Macomb,873972.0
Michigan,Manistee,24558.0
Michigan,Marquette,66699.0
Michigan,Mason,29144.0
Michigan,Mecosta,43453.0
Michigan,Menominee,22780.0
Michigan,Midland,83156.0
Michigan,Missaukee,15118.0
Michigan,Monroe,150500.0
Michigan,Montcalm,63888.0
Michigan,Montmorency,9328.0
Michigan,Muskegon,173566.0
Michigan,Newaygo,48980.0
Michigan,Oakland,1257584.0
Michigan,Oceana,26467.0
Michigan,Ogemaw,20997.0
Michigan,Ontonagon,5720.0
Michigan,Osceola,23460.0
Michigan,Oscoda,8241.0
Michigan,Otsego,24668.0
Michigan,Ottawa,291830.0
Michigan,Presque Isle,12592.0
Michigan,Roscommon,24019.0
Michigan,Saginaw,190539.0
Michigan,St. Clair,159128.0
Michigan,St. Joseph,60964.0
Michigan,Sanilac,41170.0
Michigan,Schoolcraft,8094.0
Michigan,Shiawassee,68122.0
Michigan,Tuscola,52245.0
Michigan,Van Buren,75677.0
Michigan,Washtenaw,367601.0
Michigan,Wayne,1749343.0
Michigan,Wexford,33631.0
Minnesota,Aitkin,15886.0
Minnesota,Anoka,356921.0
Minnesota,Becker,34423.0
Minnesota,Beltrami,47188.0
Minnesota,Benton,40889.0
Minnesota,Big Stone,4991.0
Minnesota,Blue Earth,67653.0
Minnesota,Brown,25008.0
Minnesota,Carlton,35871.0
Minnesota,Carver,105089.0
Minnesota,Cass,29779.0
Minnesota,Chippewa,11800.0
Minnesota,Chisago,56579.0
Minnesota,Clay,64222.0
Minnesota,Clearwater,8818.0
Minnesota,Cook,5463.0
Minnesota,Cottonwood,11196.0
Minnesota,Crow Wing,65055.0
Minnesota,Dakota,429021.0
Minnesota,Dodge,20934.0
Minnesota,Douglas,38141.0
Minnesota,Faribault,13653.0
Minnesota,Fillmore,21067.0
Minnesota,Freeborn,30281.0
Minnesota,Goodhue,46340.0
Minnesota,Grant,5972.0
Minnesota,Hennepin,1265843.0
Minnesota,Houston,18600.0
Minnesota,Hubbard,21491.0
Minnesota,Isanti,40596.0
Minnesota,Itasca,45130.0
Minnesota,Jackson,9846.0
Minnesota,Kanabec,16337.0
Minnesota,Kandiyohi,43199.0
Minnesota,Kittson,4298.0
Minnesota,Koochiching,12229.0
Minnesota,Lac qui Parle,6623.0
Minnesota,Lake,10641.0
Minnesota,Lake of the Woods,3740.0
Minnesota,Le Sueur,28887.0
Minnesota,Lincoln,5639.0
Minnesota,Lyon,25474.0
Minnesota,McLeod,35893.0
Minnesota,Mahnomen,5527.0
Minnesota,Marshall,9336.0
Minnesota,Martin,19683.0
Minnesota,Meeker,23222.0
Minnesota,Mille Lacs,26277.0
Minnesota,Morrison,33386.0
Minnesota,Mower,40062.0
Minnesota,Murray,8194.0
Minnesota,Nicollet,34274.0
Minnesota,Nobles,21629.0
Minnesota,Norman,6375.0
Minnesota,Olmsted,158293.0
Minnesota,Otter Tail,58746.0
Minnesota,Pennington,14119.0
Minnesota,Pine,29579.0
Minnesota,Pipestone,9126.0
Minnesota,Polk,31364.0
Minnesota,Pope,11249.0
Minnesota,Ramsey,550321.0
Minnesota,Red Lake,4055.0
Minnesota,Redwood,15170.0
Minnesota,Renville,14548.0
Minnesota,Rice,66972.0
Minnesota,Rock,9315.0
Minnesota,Roseau,15165.0
Minnesota,St. Louis,199070.0
Minnesota,Scott,149013.0
Minnesota,Sherburne,97238.0
Minnesota,Sibley,14865.0
Minnesota,Stearns,161075.0
Minnesota,Steele,36649.0
Minnesota,Stevens,9805.0
Minnesota,Swift,9266.0
Minnesota,Todd,24664.0
Minnesota,Traverse,3259.0
Minnesota,Wabasha,21627.0
Minnesota,Wadena,13682.0
Minnesota,Waseca,18612.0
Minnesota,Washington,262440.0
Minnesota,Watonwan,10897.0
Minnesota,Wilkin,6207.0
Minnesota,Winona,50484.0
Minnesota,Wright,138377.0
Minnesota,Yellow Medicine,9709.0
Mississippi,Adams,30693.0
Mississippi,Alcorn,36953.0
Mississippi,Amite,12297.0
Mississippi,Attala,18174.0
Mississippi,Benton,8259.0
Mississippi,Bolivar,30628.0
Mississippi,Calhoun,14361.0
Mississippi,Carroll,9947.0
Mississippi,Chickasaw,17103.0
Mississippi,Choctaw,8210.0
Mississippi,Claiborne,8988.0
Mississippi,Clarke,15541.0
Mississippi,Clay,19316.0
Mississippi,Coahoma,22124.0
Mississippi,Copiah,28065.0
Mississippi,Covington,18636.0
Mississippi,DeSoto,184945.0
Mississippi,Forrest,74897.0
Mississippi,Franklin,7713.0
Mississippi,George,24500.0
Mississippi,Greene,13586.0
Mississippi,Grenada,20758.0
Mississippi,Hancock,47632.0
Mississippi,Harrison,208080.0
Mississippi,Hinds,231840.0
Mississippi,Holmes,17010.0
Mississippi,Humphreys,8064.0
Mississippi,Issaquena,1327.0
Mississippi,Itawamba,23390.0
Mississippi,Jackson,143617.0
Mississippi,Jasper,16383.0
Mississippi,Jefferson,6990.0
Mississippi,Jefferson Davis,11128.0
Mississippi,Jones,68098.0
Mississippi,Kemper,9742.0
Mississippi,Lafayette,54019.0
Mississippi,Lamar,63343.0
Mississippi,Lauderdale,74125.0
Mississippi,Lawrence,12586.0
Mississippi,Leake,22786.0
Mississippi,Lee,85436.0
Mississippi,Leflore,28183.0
Mississippi,Lincoln,34153.0
Mississippi,Lowndes,58595.0
Mississippi,Madison,106272.0
Mississippi,Marion,24573.0
Mississippi,Marshall,35294.0
Mississippi,Monroe,35252.0
Mississippi,Montgomery,9775.0
Mississippi,Neshoba,29118.0
Mississippi,Newton,21018.0
Mississippi,Noxubee,10417.0
Mississippi,Oktibbeha,49587.0
Mississippi,Panola,34192.0
Mississippi,Pearl River,55535.0
Mississippi,Perry,11973.0
Mississippi,Pike,39288.0
Mississippi,Pontotoc,32174.0
Mississippi,Prentiss,25126.0
Mississippi,Quitman,6792.0
Mississippi,Rankin,155271.0
Mississippi,Scott,28124.0
Mississippi,Sharkey,4321.0
Mississippi,Simpson,26658.0
Mississippi,Smith,15916.0
Mississippi,Stone,18336.0
Mississippi,Sunflower,25110.0
Mississippi,Tallahatchie,13809.0
Mississippi,Tate,28321.0
Mississippi,Tippah,22015.0
Mississippi,Tishomingo,19383.0
Mississippi,Tunica,9632.0
Mississippi,Union,28815.0
Mississippi,Walthall,14286.0
Mississippi,Warren,45381.0
Mississippi,Washington,43909.0
Mississippi,Wayne,20183.0
Mississippi,Webster,9689.0
Mississippi,Wilkinson,8630.0
Mississippi,Winston,17955.0
Mississippi,Yalobusha,12108.0
Mississippi,Yazoo,29690.0
Missouri,Adair,25343.0
Missouri,Andrew,17712.0
Missouri,Atchison,5143.0
Missouri,Audrain,25388.0
Missouri,Barry,35789.0
Missouri,Barton,11754.0
Missouri,Bates,16172.0
Missouri,Benton,19443.0
Missouri,Bollinger,12133.0
Missouri,Boone,180463.0
Missouri,Buchanan,87364.0
Missouri,Butler,42478.0
Missouri,Caldwell,9020.0
Missouri,Callaway,44743.0
Missouri,Camden,46305.0
Missouri,Cape Girardeau,78871.0
Missouri,Carroll,8679.0
Missouri,Carter,5982.0
Missouri,Cass,105780.0
Missouri,Cedar,14349.0
Missouri,Chariton,7426.0
Missouri,Christian,88595.0
Missouri,Clark,6797.0
Missouri,Clay,249948.0
Missouri,Clinton,20387.0
Missouri,Cole,76745.0
Missouri,Cooper,17709.0
Missouri,Crawford,23920.0
Missouri,Dade,7561.0
Missouri,Dallas,16878.0
Missouri,Daviess,8278.0
Missouri,DeKalb,12547.0
Missouri,Dent,15573.0
Missouri,Douglas,13185.0
Missouri,Dunklin,29131.0
Missouri,Franklin,103967.0
Missouri,Gasconade,14706.0
Missouri,Gentry,6571.0
Missouri,Greene,293086.0
Missouri,Grundy,9850.0
Missouri,Harrison,8352.0
Missouri,Henry,21824.0
Missouri,Hickory,9544.0
Missouri,Holt,4403.0
Missouri,Howard,10001.0
Missouri,Howell,40117.0
Missouri,Iron,10125.0
Missouri,Jackson,703011.0
Missouri,Jasper,121328.0
Missouri,Jefferson,225081.0
Missouri,Johnson,54062.0
Missouri,Knox,3959.0
Missouri,Laclede,35723.0
Missouri,Lafayette,32708.0
Missouri,Lawrence,38355.0
Missouri,Lewis,9776.0
Missouri,Lincoln,59013.0
Missouri,Linn,11920.0
Missouri,Livingston,15227.0
Missouri,McDonald,22837.0
Missouri,Macon,15117.0
Missouri,Madison,12088.0
Missouri,Maries,8697.0
Missouri,Marion,28530.0
Missouri,Mercer,3617.0
Missouri,Miller,25619.0
Missouri,Mississippi,13180.0
Missouri,Moniteau,16132.0
Missouri,Monroe,8644.0
Missouri,Montgomery,11551.0
Missouri,Morgan,20627.0
Missouri,New Madrid,17076.0
Missouri,Newton,58236.0
Missouri,Nodaway,22092.0
Missouri,Oregon,10529.0
Missouri,Osage,13615.0
Missouri,Ozark,9174.0
Missouri,Pemiscot,15805.0
Missouri,Perry,19136.0
Missouri,Pettis,42339.0
Missouri,Phelps,44573.0
Missouri,Pike,18302.0
Missouri,Platte,104418.0
Missouri,Polk,32149.0
Missouri,Pulaski,52607.0
Missouri,Putnam,4696.0
Missouri,Ralls,10309.0
Missouri,Randolph,24748.0
Missouri,Ray,23018.0
Missouri,Reynolds,6270.0
Missouri,Ripley,13288.0
Missouri,St. Charles,402022.0
Missouri,St. Clair,9397.0
Missouri,Ste. Genevieve,17894.0
Missouri,St. Francois,67215.0
Missouri,St. Louis,994205.0
Missouri,Saline,22761.0
Missouri,Schuyler,4660.0
Missouri,Scotland,4902.0
Missouri,Scott,38280.0
Missouri,Shannon,8166.0
Missouri,Shelby,5930.0
Missouri,Stoddard,29025.0
Missouri,Stone,31952.0
Missouri,Sullivan,6089.0
Missouri,Taney,55928.0
Missouri,Texas,25398.0
Missouri,Vernon,20563.0
Missouri,Warren,35649.0
Missouri,Washington,24730.0
Missouri,Wayne,12873.0
Missouri,Webster,39592.0
Missouri,Worth,2013.0
Missouri,Wright,18289.0
Missouri,St. Louis,300576.0
Montana,Beaverhead,9453.0
Montana,Big Horn,13319.0
Montana,Blaine,6681.0
Montana,Broadwater,6237.0
Montana,Carbon,10725.0
Montana,Carter,1252.0
Montana,Cascade,81366.0
Montana,Chouteau,5635.0
Montana,Custer,11402.0
Montana,Daniels,1690.0
Montana,Dawson,8613.0
Montana,Deer Lodge,9140.0
Montana,Fallon,2846.0
Montana,Fergus,11050.0
Montana,Flathead,103806.0
Montana,Gallatin,114434.0
Montana,Garfield,1258.0
Montana,Glacier,13753.0
Montana,Golden Valley,821.0
Montana,Granite,3379.0
Montana,Hill,16484.0
Montana,Jefferson,12221.0
Montana,Judith Basin,2007.0
Montana,Lake,30458.0
Montana,Lewis Clark,69432.0
Montana,Liberty,2337.0
Montana,Lincoln,19980.0
Montana,McCone,1664.0
Montana,Madison,8600.0
Montana,Meagher,1862.0
Montana,Mineral,4397.0
Montana,Missoula,119600.0
Montana,Musselshell,4633.0
Montana,Park,16606.0
Montana,Petroleum,487.0
Montana,Phillips,3954.0
Montana,Pondera,5911.0
Montana,Powder River,1682.0
Montana,Powell,6890.0
Montana,Prairie,1077.0
Montana,Ravalli,43806.0
Montana,Richland,10803.0
Montana,Roosevelt,11004.0
Montana,Rosebud,8937.0
Montana,Sanders,12113.0
Montana,Sheridan,3309.0
Montana,Silver Bow,34915.0
Montana,Stillwater,9642.0
Montana,Sweet Grass,3737.0
Montana,Teton,6147.0
Montana,Toole,4736.0
Montana,Treasure,696.0
Montana,Valley,7396.0
Montana,Wheatland,2126.0
Montana,Wibaux,969.0
Montana,Yellowstone,161300.0
Nebraska,Adams,31363.0
Nebraska,Antelope,6298.0
Nebraska,Arthur,463.0
Nebraska,Banner,745.0
Nebraska,Blaine,465.0
Nebraska,Boone,5192.0
Nebraska,Box Butte,10783.0
Nebraska,Boyd,1919.0
Nebraska,Brown,2955.0
Nebraska,Buffalo,49659.0
Nebraska,Burt,6459.0
Nebraska,Butler,8016.0
Nebraska,Cass,26248.0
Nebraska,Cedar,8402.0
Nebraska,Chase,3924.0
Nebraska,Cherry,5689.0
Nebraska,Cheyenne,8910.0
Nebraska,Clay,6203.0
Nebraska,Colfax,10709.0
Nebraska,Cuming,8846.0
Nebraska,Custer,10777.0
Nebraska,Dakota,20026.0
Nebraska,Dawes,8589.0
Nebraska,Dawson,23595.0
Nebraska,Deuel,1794.0
Nebraska,Dixon,5636.0
Nebraska,Dodge,36565.0
Nebraska,Douglas,571327.0
Nebraska,Dundy,1693.0
Nebraska,Fillmore,5462.0
Nebraska,Franklin,2979.0
Nebraska,Frontier,2627.0
Nebraska,Furnas,4676.0
Nebraska,Gage,21513.0
Nebraska,Garden,1837.0
Nebraska,Garfield,1969.0
Nebraska,Gosper,1990.0
Nebraska,Grant,623.0
Nebraska,Greeley,2356.0
Nebraska,Hall,61353.0
Nebraska,Hamilton,9324.0
Nebraska,Harlan,3380.0
Nebraska,Hayes,922.0
Nebraska,Hitchcock,2762.0
Nebraska,Holt,10067.0
Nebraska,Hooker,682.0
Nebraska,Howard,6445.0
Nebraska,Jefferson,7046.0
Nebraska,Johnson,5071.0
Nebraska,Kearney,6495.0
Nebraska,Keith,8034.0
Nebraska,Keya Paha,806.0
Nebraska,Kimball,3632.0
Nebraska,Knox,8332.0
Nebraska,Lancaster,319090.0
Nebraska,Lincoln,34914.0
Nebraska,Logan,748.0
Nebraska,Loup,664.0
Nebraska,McPherson,494.0
Nebraska,Madison,35099.0
Nebraska,Merrick,7755.0
Nebraska,Morrill,4642.0
Nebraska,Nance,3519.0
Nebraska,Nemaha,6972.0
Nebraska,Nuckolls,4148.0
Nebraska,Otoe,16012.0
Nebraska,Pawnee,2613.0
Nebraska,Perkins,2891.0
Nebraska,Phelps,9034.0
Nebraska,Pierce,7148.0
Nebraska,Platte,33470.0
Nebraska,Polk,5213.0
Nebraska,Red Willow,10724.0
Nebraska,Richardson,7865.0
Nebraska,Rock,1357.0
Nebraska,Saline,14224.0
Nebraska,Sarpy,187196.0
Nebraska,Saunders,21578.0
Nebraska,Scotts Bluff,35618.0
Nebraska,Seward,17284.0
Nebraska,Sheridan,5246.0
Nebraska,Sherman,3001.0
Nebraska,Sioux,1166.0
Nebraska,Stanton,5920.0
Nebraska,Thayer,5003.0
Nebraska,Thomas,722.0
Nebraska,Thurston,7224.0
Nebraska,Valley,4158.0
Nebraska,Washington,20729.0
Nebraska,Wayne,9385.0
Nebraska,Webster,3487.0
Nebraska,Wheeler,783.0
Nebraska,York,13679.0
Nevada,Churchill,24909.0
Nevada,Clark,2266715.0
Nevada,Douglas,48905.0
Nevada,Elko,52778.0
Nevada,Esmeralda,873.0
Nevada,Eureka,2029.0
Nevada,Humboldt,16831.0
Nevada,Lander,5532.0
Nevada,Lincoln,5183.0
Nevada,Lyon,57510.0
Nevada,Mineral,4505.0
Nevada,Nye,46523.0
Nevada,Pershing,6725.0
Nevada,Storey,4123.0
Nevada,Washoe,471519.0
Nevada,White Pine,9580.0
Nevada,Carson City,55916.0
New Hampshire,Belknap,61303.0
New Hampshire,Carroll,48910.0
New Hampshire,Cheshire,76085.0
New Hampshire,Coos,31563.0
New Hampshire,Grafton,89886.0
New Hampshire,Hillsborough,417025.0
New Hampshire,Merrimack,151391.0
New Hampshire,Rockingham,309769.0
New Hampshire,Strafford,130633.0
New Hampshire,Sullivan,43146.0
New Jersey,Atlantic,263670.0
New Jersey,Bergen,932202.0
New Jersey,Burlington,445349.0
New Jersey,Camden,506471.0
New Jersey,Cape May,92039.0
New Jersey,Cumberland,149527.0
New Jersey,Essex,798975.0
New Jersey,Gloucester,291636.0
New Jersey,Hudson,672391.0
New Jersey,Hunterdon,124371.0
New Jersey,Mercer,367430.0
New Jersey,Middlesex,825062.0
New Jersey,Monmouth,618795.0
New Jersey,Morris,491845.0
New Jersey,Ocean,607186.0
New Jersey,Passaic,501826.0
New Jersey,Salem,62385.0
New Jersey,Somerset,328934.0
New Jersey,Sussex,140488.0
New Jersey,Union,556341.0
New Jersey,Warren,105267.0
New Mexico,Bernalillo,679121.0
New Mexico,Catron,3527.0
New Mexico,Chaves,64615.0
New Mexico,Cibola,26675.0
New Mexico,Colfax,11941.0
New Mexico,Curry,48954.0
New Mexico,De Baca,1748.0
New Mexico,Do√±a Ana,218195.0
New Mexico,Eddy,58460.0
New Mexico,Grant,26998.0
New Mexico,Guadalupe,4300.0
New Mexico,Harding,625.0
New Mexico,Hidalgo,4198.0
New Mexico,Lea,71070.0
New Mexico,Lincoln,19572.0
New Mexico,Los Alamos,19369.0
New Mexico,Luna,23709.0
New Mexico,McKinley,71367.0
New Mexico,Mora,4521.0
New Mexico,Otero,67490.0
New Mexico,Quay,8253.0
New Mexico,Rio Arriba,38921.0
New Mexico,Roosevelt,18500.0
New Mexico,Sandoval,146748.0
New Mexico,San Juan,123958.0
New Mexico,San Miguel,27277.0
New Mexico,Santa Fe,150358.0
New Mexico,Sierra,10791.0
New Mexico,Socorro,16637.0
New Mexico,Taos,32723.0
New Mexico,Torrance,15461.0
New Mexico,Union,4059.0
New Mexico,Valencia,76688.0
New York,Albany,305506.0
New York,Allegany,46091.0
New York,Bronx,1418207.0
New York,Broome,190488.0
New York,Cattaraugus,76117.0
New York,Cayuga,76576.0
New York,Chautauqua,126903.0
New York,Chemung,83456.0
New York,Chenango,47207.0
New York,Clinton,80485.0
New York,Columbia,59461.0
New York,Cortland,47581.0
New York,Delaware,44135.0
New York,Dutchess,294218.0
New York,Erie,918702.0
New York,Essex,36885.0
New York,Franklin,50022.0
New York,Fulton,53383.0
New York,Genesee,57280.0
New York,Greene,47188.0
New York,Hamilton,4416.0
New York,Herkimer,61319.0
New York,Jefferson,109834.0
New York,Kings,2559903.0
New York,Lewis,26296.0
New York,Livingston,62914.0
New York,Madison,70941.0
New York,Monroe,741770.0
New York,Montgomery,49221.0
New York,Nassau,1356924.0
New York,New York,1628706.0
New York,Niagara,209281.0
New York,Oneida,228671.0
New York,Onondaga,460528.0
New York,Ontario,109777.0
New York,Orange,384940.0
New York,Orleans,40352.0
New York,Oswego,117124.0
New York,Otsego,59493.0
New York,Putnam,98320.0
New York,Queens,2253858.0
New York,Rensselaer,158714.0
New York,Richmond,476143.0
New York,Rockland,325789.0
New York,St. Lawrence,107740.0
New York,Saratoga,229863.0
New York,Schenectady,155299.0
New York,Schoharie,30999.0
New York,Schuyler,17807.0
New York,Seneca,34016.0
New York,Steuben,95379.0
New York,Suffolk,1476601.0
New York,Sullivan,75432.0
New York,Tioga,48203.0
New York,Tompkins,102180.0
New York,Ulster,177573.0
New York,Warren,63944.0
New York,Washington,61204.0
New York,Wayne,89918.0
New York,Westchester,967506.0
New York,Wyoming,39859.0
New York,Yates,24913.0
North Carolina,Alamance,169509.0
North Carolina,Alexander,37497.0
North Carolina,Alleghany,11137.0
North Carolina,Anson,24446.0
North Carolina,Ashe,27203.0
North Carolina,Avery,17557.0
North Carolina,Beaufort,46994.0
North Carolina,Bertie,18947.0
North Carolina,Bladen,32722.0
North Carolina,Brunswick,142820.0
North Carolina,Buncombe,261191.0
North Carolina,Burke,90485.0
North Carolina,Cabarrus,216453.0
North Carolina,Caldwell,82178.0
North Carolina,Camden,10867.0
North Carolina,Carteret,69473.0
North Carolina,Caswell,22604.0
North Carolina,Catawba,159551.0
North Carolina,Chatham,74470.0
North Carolina,Cherokee,28612.0
North Carolina,Chowan,13943.0
North Carolina,Clay,11231.0
North Carolina,Cleveland,97947.0
North Carolina,Columbus,55508.0
North Carolina,Craven,102139.0
North Carolina,Cumberland,335509.0
North Carolina,Currituck,27763.0
North Carolina,Dare,37009.0
North Carolina,Davidson,167609.0
North Carolina,Davie,42846.0
North Carolina,Duplin,58741.0
North Carolina,Durham,321488.0
North Carolina,Edgecombe,51472.0
North Carolina,Forsyth,382295.0
North Carolina,Franklin,69685.0
North Carolina,Gaston,224529.0
North Carolina,Gates,11562.0
North Carolina,Graham,8441.0
North Carolina,Granville,60443.0
North Carolina,Greene,21069.0
North Carolina,Guilford,537174.0
North Carolina,Halifax,50010.0
North Carolina,Harnett,135976.0
North Carolina,Haywood,62317.0
North Carolina,Henderson,117417.0
North Carolina,Hertford,23677.0
North Carolina,Hoke,55234.0
North Carolina,Hyde,4937.0
North Carolina,Iredell,181806.0
North Carolina,Jackson,43938.0
North Carolina,Johnston,209339.0
North Carolina,Jones,9419.0
North Carolina,Lee,61779.0
North Carolina,Lenoir,55949.0
North Carolina,Lincoln,86111.0
North Carolina,McDowell,45756.0
North Carolina,Macon,35858.0
North Carolina,Madison,21755.0
North Carolina,Martin,22440.0
North Carolina,Mecklenburg,1110356.0
North Carolina,Mitchell,14964.0
North Carolina,Montgomery,27173.0
North Carolina,Moore,100880.0
North Carolina,Nash,94298.0
North Carolina,New Hanover,234473.0
North Carolina,Northampton,19483.0
North Carolina,Onslow,197938.0
North Carolina,Orange,148476.0
North Carolina,Pamlico,12726.0
North Carolina,Pasquotank,39824.0
North Carolina,Pender,63060.0
North Carolina,Perquimans,13463.0
North Carolina,Person,39490.0
North Carolina,Pitt,180742.0
North Carolina,Polk,20724.0
North Carolina,Randolph,143667.0
North Carolina,Richmond,44829.0
North Carolina,Robeson,130625.0
North Carolina,Rockingham,91010.0
North Carolina,Rowan,142088.0
North Carolina,Rutherford,67029.0
North Carolina,Sampson,63531.0
North Carolina,Scotland,34823.0
North Carolina,Stanly,62806.0
North Carolina,Stokes,45591.0
North Carolina,Surry,71783.0
North Carolina,Swain,14271.0
North Carolina,Transylvania,34385.0
North Carolina,Tyrrell,4016.0
North Carolina,Union,239859.0
North Carolina,Vance,44535.0
North Carolina,Wake,1111761.0
North Carolina,Warren,19731.0
North Carolina,Washington,11580.0
North Carolina,Watauga,56177.0
North Carolina,Wayne,123131.0
North Carolina,Wilkes,68412.0
North Carolina,Wilson,81801.0
North Carolina,Yadkin,37667.0
North Carolina,Yancey,18069.0
North Dakota,Adams,2216.0
North Dakota,Barnes,10415.0
North Dakota,Benson,6832.0
North Dakota,Billings,928.0
North Dakota,ottineau,6282.0
North Dakota,Bowman,3024.0
North Dakota,Burke,2115.0
North Dakota,Burleigh,95626.0
North Dakota,Cass,181923.0
North Dakota,Cavalier,3762.0
North Dakota,Dickey,4872.0
North Dakota,Divide,2264.0
North Dakota,Dunn,4424.0
North Dakota,Eddy,2287.0
North Dakota,Emmons,3241.0
North Dakota,Foster,3210.0
North Dakota,Golden Valley,1761.0
North Dakota,Grand Forks,69451.0
North Dakota,Grant,2274.0
North Dakota,Griggs,2231.0
North Dakota,Hettinger,2499.0
North Dakota,Kidder,2480.0
North Dakota,LaMoure,4046.0
North Dakota,Logan,1850.0
North Dakota,McHenry,5745.0
North Dakota,McIntosh,2497.0
North Dakota,McKenzie,15024.0
North Dakota,McLean,9450.0
North Dakota,Mercer,8187.0
North Dakota,Morton,31364.0
North Dakota,Mountrail,10545.0
North Dakota,Nelson,2879.0
North Dakota,Oliver,1959.0
North Dakota,Pembina,6801.0
North Dakota,Pierce,3975.0
North Dakota,Ramsey,11519.0
North Dakota,Ransom,5218.0
North Dakota,Renville,2327.0
North Dakota,Richland,16177.0
North Dakota,Rolette,14176.0
North Dakota,Sargent,3898.0
North Dakota,Sheridan,1315.0
North Dakota,Sioux,4230.0
North Dakota,Slope,750.0
North Dakota,Stark,31489.0
North Dakota,Steele,1890.0
North Dakota,Stutsman,20704.0
North Dakota,Towner,2189.0
North Dakota,Traill,8036.0
North Dakota,Walsh,10641.0
North Dakota,Ward,67641.0
North Dakota,Wells,3834.0
North Dakota,Williams,37589.0
Ohio,Adams,27698.0
Ohio,Allen,102351.0
Ohio,Ashland,53484.0
Ohio,Ashtabula,97241.0
Ohio,Athens,65327.0
Ohio,Auglaize,45656.0
Ohio,Belmont,67006.0
Ohio,Brown,43432.0
Ohio,Butler,383134.0
Ohio,Carroll,26914.0
Ohio,Champaign,38885.0
Ohio,Clark,134083.0
Ohio,Clermont,206428.0
Ohio,Clinton,41968.0
Ohio,Columbiana,101883.0
Ohio,Coshocton,36600.0
Ohio,Crawford,41494.0
Ohio,Cuyahoga,1235072.0
Ohio,Darke,51113.0
Ohio,Defiance,38087.0
Ohio,Delaware,209177.0
Ohio,Erie,74266.0
Ohio,Fairfield,157574.0
Ohio,Fayette,28525.0
Ohio,Franklin,1316756.0
Ohio,Fulton,42126.0
Ohio,Gallia,29898.0
Ohio,Geauga,93649.0
Ohio,Greene,168937.0
Ohio,Guernsey,38875.0
Ohio,Hamilton,817473.0
Ohio,Hancock,75783.0
Ohio,Hardin,31365.0
Ohio,Harrison,15040.0
Ohio,Henry,27006.0
Ohio,Highland,43161.0
Ohio,Hocking,28264.0
Ohio,Holmes,43960.0
Ohio,Huron,58266.0
Ohio,Jackson,32413.0
Ohio,Jefferson,65325.0
Ohio,Knox,62322.0
Ohio,Lake,230149.0
Ohio,Lawrence,59463.0
Ohio,Licking,176862.0
Ohio,Logan,45672.0
Ohio,Lorain,309833.0
Ohio,Lucas,428348.0
Ohio,Madison,44731.0
Ohio,Mahoning,228683.0
Ohio,Marion,65093.0
Ohio,Medina,179746.0
Ohio,Meigs,22907.0
Ohio,Mercer,41172.0
Ohio,Miami,106987.0
Ohio,Monroe,13654.0
Ohio,Montgomery,531687.0
Ohio,Morgan,14508.0
Ohio,Morrow,35328.0
Ohio,Muskingum,86215.0
Ohio,Noble,14424.0
Ohio,Ottawa,40525.0
Ohio,Paulding,18672.0
Ohio,Perry,36134.0
Ohio,Pickaway,58457.0
Ohio,Pike,27772.0
Ohio,Portage,162466.0
Ohio,Preble,40882.0
Ohio,Putnam,33861.0
Ohio,Richland,121154.0
Ohio,Ross,76666.0
Ohio,Sandusky,58518.0
Ohio,Scioto,75314.0
Ohio,Seneca,55178.0
Ohio,Shelby,48590.0
Ohio,Stark,370606.0
Ohio,Summit,541013.0
Ohio,Trumbull,197974.0
Ohio,Tuscarawas,91987.0
Ohio,Union,58988.0
Ohio,Van Wert,28275.0
Ohio,Vinton,13085.0
Ohio,Warren,234602.0
Ohio,Washington,59911.0
Ohio,Wayne,115710.0
Ohio,Williams,36692.0
Ohio,Wood,130817.0
Ohio,Wyandot,21772.0
Oklahoma,Adair,22194.0
Oklahoma,Alfalfa,5702.0
Oklahoma,Atoka,13758.0
Oklahoma,Beaver,5311.0
Oklahoma,Beckham,21859.0
Oklahoma,Blaine,9429.0
Oklahoma,Bryan,47995.0
Oklahoma,Caddo,28762.0
Oklahoma,Canadian,148306.0
Oklahoma,Carter,48111.0
Oklahoma,Cherokee,48657.0
Oklahoma,Choctaw,14672.0
Oklahoma,Cimarron,2137.0
Oklahoma,Cleveland,284014.0
Oklahoma,Coal,5495.0
Oklahoma,Comanche,120749.0
Oklahoma,Cotton,5666.0
Oklahoma,Craig,14142.0
Oklahoma,Creek,71522.0
Oklahoma,Custer,29003.0
Oklahoma,Delaware,43009.0
Oklahoma,Dewey,4891.0
Oklahoma,Ellis,3859.0
Oklahoma,Garfield,61056.0
Oklahoma,Garvin,27711.0
Oklahoma,Grady,55834.0
Oklahoma,Grant,4333.0
Oklahoma,Greer,5712.0
Oklahoma,Harmon,2653.0
Oklahoma,Harper,3688.0
Oklahoma,Haskell,12627.0
Oklahoma,Hughes,13279.0
Oklahoma,Jackson,24530.0
Oklahoma,Jefferson,6002.0
Oklahoma,Johnston,11085.0
Oklahoma,Kay,43538.0
Oklahoma,Kingfisher,15765.0
Oklahoma,Kiowa,8708.0
Oklahoma,Latimer,10073.0
Oklahoma,Le Flore,49853.0
Oklahoma,Lincoln,34877.0
Oklahoma,Logan,48011.0
Oklahoma,Love,10253.0
Oklahoma,McClain,40474.0
Oklahoma,McCurtain,32832.0
Oklahoma,McIntosh,19596.0
Oklahoma,Major,7629.0
Oklahoma,Marshall,16931.0
Oklahoma,Mayes,41100.0
Oklahoma,Murray,14073.0
Oklahoma,Muskogee,67997.0
Oklahoma,Noble,11131.0
Oklahoma,Nowata,10076.0
Oklahoma,Okfuskee,11993.0
Oklahoma,Oklahoma,797434.0
Oklahoma,Okmulgee,38465.0
Oklahoma,Osage,46963.0
Oklahoma,Ottawa,31127.0
Oklahoma,Pawnee,16376.0
Oklahoma,Payne,81784.0
Oklahoma,Pittsburg,43654.0
Oklahoma,Pontotoc,38284.0
Oklahoma,Pottawatomie,72592.0
Oklahoma,Pushmataha,11096.0
Oklahoma,Roger Mills,3583.0
Oklahoma,Rogers,92459.0
Oklahoma,Seminole,24258.0
Oklahoma,Sequoyah,41569.0
Oklahoma,Stephens,43143.0
Oklahoma,Texas,19983.0
Oklahoma,Tillman,7250.0
Oklahoma,Tulsa,651552.0
Oklahoma,Wagoner,81289.0
Oklahoma,Washington,51527.0
Oklahoma,Washita,10916.0
Oklahoma,Woods,8793.0
Oklahoma,Woodward,20211.0
Oregon,Baker,16124.0
Oregon,Benton,93053.0
Oregon,Clackamas,418187.0
Oregon,Clatsop,40224.0
Oregon,Columbia,52354.0
Oregon,Coos,64487.0
Oregon,Crook,24404.0
Oregon,Curry,22925.0
Oregon,Deschutes,197692.0
Oregon,Douglas,110980.0
Oregon,Gilliam,1912.0
Oregon,Grant,7199.0
Oregon,Harney,7393.0
Oregon,Hood River,23382.0
Oregon,Jackson,220944.0
Oregon,Jefferson,24658.0
Oregon,Josephine,87487.0
Oregon,Klamath,68238.0
Oregon,Lake,7869.0
Oregon,Lane,382067.0
Oregon,Lincoln,49962.0
Oregon,Linn,129749.0
Oregon,Malheur,30571.0
Oregon,Marion,347818.0
Oregon,Morrow,11603.0
Oregon,Multnomah,812855.0
Oregon,Polk,86085.0
Oregon,Sherman,1780.0
Oregon,Tillamook,27036.0
Oregon,Umatilla,77950.0
Oregon,Union,26835.0
Oregon,Wallowa,7208.0
Oregon,Wasco,26682.0
Oregon,Washington,601592.0
Oregon,Wheeler,1332.0
Oregon,Yamhill,107100.0
Pennsylvania,Adams,103009.0
Pennsylvania,Allegheny,1216045.0
Pennsylvania,Armstrong,64735.0
Pennsylvania,Beaver,163929.0
Pennsylvania,Bedford,47888.0
Pennsylvania,Berks,421164.0
Pennsylvania,Blair,121829.0
Pennsylvania,Bradford,60323.0
Pennsylvania,Bucks,628270.0
Pennsylvania,Butler,187853.0
Pennsylvania,Cambria,130192.0
Pennsylvania,Cameron,4447.0
Pennsylvania,Carbon,64182.0
Pennsylvania,Centre,162385.0
Pennsylvania,Chester,524989.0
Pennsylvania,Clarion,38438.0
Pennsylvania,Clearfield,79255.0
Pennsylvania,Clinton,38632.0
Pennsylvania,Columbia,64964.0
Pennsylvania,Crawford,84629.0
Pennsylvania,Cumberland,253370.0
Pennsylvania,Dauphin,278299.0
Pennsylvania,Delaware,566747.0
Pennsylvania,Elk,29910.0
Pennsylvania,Erie,269728.0
Pennsylvania,Fayette,129274.0
Pennsylvania,Forest,7247.0
Pennsylvania,Franklin,155027.0
Pennsylvania,Fulton,14530.0
Pennsylvania,Greene,36233.0
Pennsylvania,Huntingdon,45144.0
Pennsylvania,Indiana,84073.0
Pennsylvania,Jefferson,43425.0
Pennsylvania,Juniata,24763.0
Pennsylvania,Lackawanna,209674.0
Pennsylvania,Lancaster,545724.0
Pennsylvania,Lawrence,85512.0
Pennsylvania,Lebanon,141793.0
Pennsylvania,Lehigh,369318.0
Pennsylvania,Luzerne,317417.0
Pennsylvania,Lycoming,113299.0
Pennsylvania,McKean,40625.0
Pennsylvania,Mercer,109424.0
Pennsylvania,Mifflin,46138.0
Pennsylvania,Monroe,170271.0
Pennsylvania,Montgomery,830915.0
Pennsylvania,Montour,18230.0
Pennsylvania,Northampton,305285.0
Pennsylvania,Northumberland,90843.0
Pennsylvania,Perry,46272.0
Pennsylvania,Philadelphia,1584064.0
Pennsylvania,Pike,55809.0
Pennsylvania,Potter,16526.0
Pennsylvania,Schuylkill,141359.0
Pennsylvania,Snyder,40372.0
Pennsylvania,Somerset,73447.0
Pennsylvania,Sullivan,6066.0
Pennsylvania,Susquehanna,40328.0
Pennsylvania,Tioga,40591.0
Pennsylvania,Union,44923.0
Pennsylvania,Venango,50668.0
Pennsylvania,Warren,39191.0
Pennsylvania,Washington,206865.0
Pennsylvania,Wayne,51361.0
Pennsylvania,Westmoreland,348899.0
Pennsylvania,Wyoming,26794.0
Pennsylvania,York,449058.0
Rhode Island,Bristol,48479.0
Rhode Island,Kent,164292.0
Rhode Island,Newport,82082.0
Rhode Island,Providence,638931.0
Rhode Island,Washington,125577.0
South Carolina,Abbeville,24527.0
South Carolina,Aiken,170872.0
South Carolina,Allendale,8688.0
South Carolina,Anderson,202558.0
South Carolina,Bamberg,14066.0
South Carolina,Barnwell,20866.0
South Carolina,Beaufort,192122.0
South Carolina,Berkeley,227907.0
South Carolina,Calhoun,14553.0
South Carolina,Charleston,411406.0
South Carolina,Cherokee,57300.0
South Carolina,Chester,32244.0
South Carolina,Chesterfield,45650.0
South Carolina,Clarendon,33745.0
South Carolina,Colleton,37677.0
South Carolina,Darlington,66618.0
South Carolina,Dillon,30479.0
South Carolina,Dorchester,162809.0
South Carolina,Edgefield,27260.0
South Carolina,Fairfield,22347.0
South Carolina,Florence,138293.0
South Carolina,Georgetown,62680.0
South Carolina,Greenville,523542.0
South Carolina,Greenwood,70811.0
South Carolina,Hampton,19222.0
South Carolina,Horry,354081.0
South Carolina,Jasper,30073.0
South Carolina,Kershaw,66551.0
South Carolina,Lancaster,98012.0
South Carolina,Laurens,67493.0
South Carolina,Lee,16828.0
South Carolina,Lexington,298750.0
South Carolina,McCormick,9463.0
South Carolina,Marion,30657.0
South Carolina,Marlboro,26118.0
South Carolina,Newberry,38440.0
South Carolina,Oconee,79546.0
South Carolina,Orangeburg,86175.0
South Carolina,Pickens,126884.0
South Carolina,Richland,415759.0
South Carolina,Saluda,20473.0
South Carolina,Spartanburg,319785.0
South Carolina,Sumter,106721.0
South Carolina,Union,27316.0
South Carolina,Williamsburg,30368.0
South Carolina,York,280979.0
South Dakota,Aurora,2751.0
South Dakota,Beadle,18453.0
South Dakota,Bennett,3365.0
South Dakota,Bon Homme,6901.0
South Dakota,Brookings,35077.0
South Dakota,Brown,38839.0
South Dakota,Brule,5297.0
South Dakota,Buffalo,1962.0
South Dakota,Butte,10429.0
South Dakota,Campbell,1376.0
South Dakota,Charles Mix,9292.0
South Dakota,Clark,3736.0
South Dakota,Clay,14070.0
South Dakota,Codington,28009.0
South Dakota,Corson,4086.0
South Dakota,Custer,8972.0
South Dakota,Davison,19775.0
South Dakota,Day,5424.0
South Dakota,Deuel,4351.0
South Dakota,Dewey,5892.0
South Dakota,Douglas,2921.0
South Dakota,Edmunds,3829.0
South Dakota,Fall River,6713.0
South Dakota,Faulk,2299.0
South Dakota,Grant,7052.0
South Dakota,Gregory,4185.0
South Dakota,Haakon,1899.0
South Dakota,Hamlin,6164.0
South Dakota,Hand,3191.0
South Dakota,Hanson,3453.0
South Dakota,Harding,1298.0
South Dakota,Hughes,17526.0
South Dakota,Hutchinson,7291.0
South Dakota,Hyde,1301.0
South Dakota,Jackson,3344.0
South Dakota,Jerauld,2013.0
South Dakota,Jones,903.0
South Dakota,Kingsbury,4939.0
South Dakota,Lake,12797.0
South Dakota,Lawrence,25844.0
South Dakota,Lincoln,61128.0
South Dakota,Lyman,3781.0
South Dakota,McCook,5586.0
South Dakota,McPherson,2379.0
South Dakota,Marshall,4935.0
South Dakota,Meade,28332.0
South Dakota,Mellette,2061.0
South Dakota,Miner,2216.0
South Dakota,Minnehaha,193134.0
South Dakota,Moody,6576.0
South Dakota,Oglala Lakota,14177.0
South Dakota,Pennington,113775.0
South Dakota,Perkins,2865.0
South Dakota,Potter,2153.0
South Dakota,Roberts,10394.0
South Dakota,Sanborn,2344.0
South Dakota,Spink,6376.0
South Dakota,Stanley,3098.0
South Dakota,Sully,1391.0
South Dakota,Todd,10177.0
South Dakota,Tripp,5441.0
South Dakota,Turner,8384.0
South Dakota,Union,15932.0
South Dakota,Walworth,5435.0
South Dakota,Yankton,22814.0
South Dakota,Ziebach,2756.0
Tennessee,Anderson,76978.0
Tennessee,Bedford,49713.0
Tennessee,Benton,16160.0
Tennessee,Bledsoe,15064.0
Tennessee,Blount,133088.0
Tennessee,Bradley,108110.0
Tennessee,Campbell,39842.0
Tennessee,Cannon,14678.0
Tennessee,Carroll,27767.0
Tennessee,Carter,56391.0
Tennessee,Cheatham,40667.0
Tennessee,Chester,17297.0
Tennessee,Claiborne,31959.0
Tennessee,Clay,7615.0
Tennessee,Cocke,36004.0
Tennessee,Coffee,56520.0
Tennessee,Crockett,14230.0
Tennessee,Cumberland,60520.0
Tennessee,Davidson,694144.0
Tennessee,Decatur,11663.0
Tennessee,DeKalb,20490.0
Tennessee,Dickson,53948.0
Tennessee,Dyer,37159.0
Tennessee,Fayette,41133.0
Tennessee,Fentress,18523.0
Tennessee,Franklin,42208.0
Tennessee,Gibson,49133.0
Tennessee,Giles,29464.0
Tennessee,Grainger,23320.0
Tennessee,Greene,69069.0
Tennessee,Grundy,13427.0
Tennessee,Hamblen,64934.0
Tennessee,Hamilton,367804.0
Tennessee,Hancock,6620.0
Tennessee,Hardeman,25050.0
Tennessee,Hardin,25652.0
Tennessee,Hawkins,56786.0
Tennessee,Haywood,17304.0
Tennessee,Henderson,28117.0
Tennessee,Henry,32345.0
Tennessee,Hickman,25178.0
Tennessee,Houston,8201.0
Tennessee,Humphreys,18582.0
Tennessee,Jackson,11786.0
Tennessee,Jefferson,54495.0
Tennessee,Johnson,17788.0
Tennessee,Knox,470313.0
Tennessee,Lake,7016.0
Tennessee,Lauderdale,25633.0
Tennessee,Lawrence,44142.0
Tennessee,Lewis,12268.0
Tennessee,Lincoln,34366.0
Tennessee,Loudon,54068.0
Tennessee,McMinn,53794.0
Tennessee,McNairy,25694.0
Tennessee,Macon,24602.0
Tennessee,Madison,97984.0
Tennessee,Marion,28907.0
Tennessee,Marshall,34375.0
Tennessee,Maury,96387.0
Tennessee,Meigs,12422.0
Tennessee,Monroe,46545.0
Tennessee,Montgomery,208993.0
Tennessee,Moore,6488.0
Tennessee,Morgan,21403.0
Tennessee,Obion,30069.0
Tennessee,Overton,22241.0
Tennessee,Perry,8076.0
Tennessee,Pickett,5048.0
Tennessee,Polk,16832.0
Tennessee,Putnam,80245.0
Tennessee,Rhea,33167.0
Tennessee,Roane,53382.0
Tennessee,Robertson,71813.0
Tennessee,Rutherford,332285.0
Tennessee,Scott,22068.0
Tennessee,Sequatchie,15026.0
Tennessee,Sevier,98250.0
Tennessee,Shelby,937166.0
Tennessee,Smith,20157.0
Tennessee,Stewart,13715.0
Tennessee,Sullivan,158348.0
Tennessee,Sumner,191283.0
Tennessee,Tipton,61599.0
Tennessee,Trousdale,11284.0
Tennessee,Unicoi,17883.0
Tennessee,Union,19972.0
Tennessee,Van Buren,5872.0
Tennessee,Warren,41277.0
Tennessee,Washington,129375.0
Tennessee,Wayne,16673.0
Tennessee,Weakley,33328.0
Tennessee,White,27345.0
Tennessee,Williamson,238412.0
Tennessee,Wilson,144657.0
Texas,Anderson,57735.0
Texas,Andrews,18705.0
Texas,Angelina,86715.0
Texas,Aransas,23510.0
Texas,Archer,8553.0
Texas,Armstrong,1887.0
Texas,Atascosa,51153.0
Texas,Austin,30032.0
Texas,Bailey,7000.0
Texas,Bandera,23112.0
Texas,Bastrop,88723.0
Texas,Baylor,3509.0
Texas,Bee,32565.0
Texas,Bell,362924.0
Texas,Bexar,2003554.0
Texas,Blanco,11931.0
Texas,Borden,654.0
Texas,Bosque,18685.0
Texas,Bowie,93245.0
Texas,Brazoria,374264.0
Texas,Brazos,229211.0
Texas,Brewster,9203.0
Texas,Briscoe,1546.0
Texas,Brooks,7093.0
Texas,Brown,37864.0
Texas,Burleson,18443.0
Texas,Burnet,48155.0
Texas,Caldwell,43664.0
Texas,Calhoun,21290.0
Texas,Callahan,13943.0
Texas,Cameron,423163.0
Texas,Camp,13094.0
Texas,Carson,5926.0
Texas,Cass,30026.0
Texas,Castro,7530.0
Texas,Chambers,43837.0
Texas,Cherokee,52646.0
Texas,Childress,7306.0
Texas,Clay,10471.0
Texas,Cochran,2853.0
Texas,Coke,3387.0
Texas,Coleman,8175.0
Texas,Collin,1034730.0
Texas,Collingsworth,2920.0
Texas,Colorado,21493.0
Texas,Comal,156209.0
Texas,Comanche,13635.0
Texas,Concho,2726.0
Texas,Cooke,41257.0
Texas,Coryell,75951.0
Texas,Cottle,1398.0
Texas,Crane,4797.0
Texas,Crockett,3464.0
Texas,Crosby,5737.0
Texas,Culberson,2171.0
Texas,Dallam,7287.0
Texas,Dallas,2635516.0
Texas,Dawson,12728.0
Texas,Deaf Smith,18546.0
Texas,Delta,5331.0
Texas,Denton,887207.0
Texas,DeWitt,20160.0
Texas,Dickens,2211.0
Texas,Dimmit,10124.0
Texas,Donley,3278.0
Texas,Duval,11157.0
Texas,Eastland,18360.0
Texas,Ector,166223.0
Texas,Edwards,1932.0
Texas,Ellis,184826.0
Texas,El Paso,839238.0
Texas,Erath,42698.0
Texas,Falls,17297.0
Texas,Fannin,35514.0
Texas,Fayette,25346.0
Texas,Fisher,3830.0
Texas,Floyd,5712.0
Texas,Foard,1155.0
Texas,Fort Bend,811688.0
Texas,Franklin,10725.0
Texas,Freestone,19717.0
Texas,Frio,20306.0
Texas,Gaines,21492.0
Texas,Galveston,342139.0
Texas,Garza,6229.0
Texas,Gillespie,26988.0
Texas,Glasscock,1409.0
Texas,Goliad,7658.0
Texas,Gonzales,20837.0
Texas,Gray,21886.0
Texas,Grayson,136212.0
Texas,Gregg,123945.0
Texas,Grimes,28880.0
Texas,Guadalupe,166847.0
Texas,Hale,33406.0
Texas,Hall,2964.0
Texas,Hamilton,8461.0
Texas,Hansford,5399.0
Texas,Hardeman,3933.0
Texas,Hardin,57602.0
Texas,Harris,4713325.0
Texas,Harrison,66553.0
Texas,Hartley,5576.0
Texas,Haskell,5658.0
Texas,Hays,230191.0
Texas,Hemphill,3819.0
Texas,Henderson,82737.0
Texas,Hidalgo,868707.0
Texas,Hill,36649.0
Texas,Hockley,23021.0
Texas,Hood,61643.0
Texas,Hopkins,37084.0
Texas,Houston,22968.0
Texas,Howard,36664.0
Texas,Hudspeth,4886.0
Texas,Hunt,98594.0
Texas,Hutchinson,20938.0
Texas,Irion,1536.0
Texas,Jack,8935.0
Texas,Jackson,14760.0
Texas,Jasper,35529.0
Texas,Jeff Davis,2274.0
Texas,Jefferson,251565.0
Texas,Jim Hogg,5200.0
Texas,Jim Wells,40482.0
Texas,Johnson,175817.0
Texas,Jones,20083.0
Texas,Karnes,15601.0
Texas,Kaufman,136154.0
Texas,Kendall,47431.0
Texas,Kenedy,404.0
Texas,Kent,762.0
Texas,Kerr,52600.0
Texas,Kimble,4337.0
Texas,King,272.0
Texas,Kinney,3667.0
Texas,Kleberg,30680.0
Texas,Knox,3664.0
Texas,Lamar,49859.0
Texas,Lamb,12893.0
Texas,Lampasas,21428.0
Texas,La Salle,7520.0
Texas,Lavaca,20154.0
Texas,Lee,17239.0
Texas,Leon,17404.0
Texas,Liberty,88219.0
Texas,Limestone,23437.0
Texas,Lipscomb,3233.0
Texas,Live Oak,12207.0
Texas,Llano,21795.0
Texas,Loving,169.0
Texas,Lubbock,310569.0
Texas,Lynn,5951.0
Texas,McCulloch,7984.0
Texas,McLennan,256623.0
Texas,McMullen,743.0
Texas,Madison,14284.0
Texas,Marion,9854.0
Texas,Martin,5771.0
Texas,Mason,4274.0
Texas,Matagorda,36643.0
Texas,Maverick,58722.0
Texas,Medina,51584.0
Texas,Menard,2138.0
Texas,Midland,176832.0
Texas,Milam,24823.0
Texas,Mills,4873.0
Texas,Mitchell,8545.0
Texas,Montague,19818.0
Texas,Montgomery,607391.0
Texas,Moore,20940.0
Texas,Morris,12388.0
Texas,Motley,1200.0
Texas,Nacogdoches,65204.0
Texas,Navarro,50113.0
Texas,Newton,13595.0
Texas,Nolan,14714.0
Texas,Nueces,362294.0
Texas,Ochiltree,9836.0
Texas,Oldham,2112.0
Texas,Orange,83396.0
Texas,Palo Pinto,29189.0
Texas,Panola,23194.0
Texas,Parker,142878.0
Texas,Parmer,9605.0
Texas,Pecos,15823.0
Texas,Polk,51353.0
Texas,Potter,117415.0
Texas,Presidio,6704.0
Texas,Rains,12514.0
Texas,Randall,137713.0
Texas,Reagan,3849.0
Texas,Real,3452.0
Texas,Red River,12023.0
Texas,Reeves,15976.0
Texas,Refugio,6948.0
Texas,Roberts,854.0
Texas,Robertson,17074.0
Texas,Rockwall,104915.0
Texas,Runnels,10264.0
Texas,Rusk,54406.0
Texas,Sabine,10542.0
Texas,San Augustine,8237.0
Texas,San Jacinto,28859.0
Texas,San Patricio,66730.0
Texas,San Saba,6055.0
Texas,Schleicher,2793.0
Texas,Scurry,16703.0
Texas,Shackelford,3265.0
Texas,Shelby,25274.0
Texas,Sherman,3022.0
Texas,Smith,232751.0
Texas,Somervell,9128.0
Texas,Starr,64633.0
Texas,Stephens,9366.0
Texas,Sterling,1291.0
Texas,Stonewall,1350.0
Texas,Sutton,3776.0
Texas,Swisher,7397.0
Texas,Tarrant,2102515.0
Texas,Taylor,138034.0
Texas,Terrell,776.0
Texas,Terry,12337.0
Texas,Throckmorton,1501.0
Texas,Titus,32750.0
Texas,Tom Green,119200.0
Texas,Travis,1273954.0
Texas,Trinity,14651.0
Texas,Tyler,21672.0
Texas,Upshur,41753.0
Texas,Upton,3657.0
Texas,Uvalde,26741.0
Texas,Val Verde,49025.0
Texas,Van Zandt,56590.0
Texas,Victoria,92084.0
Texas,Walker,72971.0
Texas,Waller,55246.0
Texas,Ward,11998.0
Texas,Washington,35882.0
Texas,Webb,276652.0
Texas,Wharton,41556.0
Texas,Wheeler,5056.0
Texas,Wichita,132230.0
Texas,Wilbarger,12769.0
Texas,Willacy,21358.0
Texas,Williamson,590551.0
Texas,Wilson,51070.0
Texas,Winkler,8010.0
Texas,Wise,69984.0
Texas,Wood,45539.0
Texas,Yoakum,8713.0
Texas,Young,18010.0
Texas,Zapata,14179.0
Texas,Zavala,11840.0
Utah,Beaver,6710.0
Utah,Box Elder,56046.0
Utah,Cache,128289.0
Utah,Carbon,20463.0
Utah,Daggett,950.0
Utah,Davis,355481.0
Utah,Duchesne,19938.0
Utah,Emery,10012.0
Utah,Garfield,5051.0
Utah,Grand,9754.0
Utah,Iron,54839.0
Utah,Juab,12017.0
Utah,Kane,7886.0
Utah,Millard,13188.0
Utah,Morgan,12124.0
Utah,Piute,1479.0
Utah,Rich,2483.0
Utah,Salt Lake,1160437.0
Utah,San Juan,15308.0
Utah,Sanpete,30939.0
Utah,Sevier,21620.0
Utah,Summit,42145.0
Utah,Tooele,72259.0
Utah,Uintah,35734.0
Utah,Utah,636235.0
Utah,Wasatch,34091.0
Utah,Washington,177556.0
Utah,Wayne,2711.0
Utah,Weber,260213.0
Vermont,Addison,36777.0
Vermont,Bennington,35470.0
Vermont,Caledonia,29993.0
Vermont,Chittenden,163774.0
Vermont,Essex,6163.0
Vermont,Franklin,49402.0
Vermont,Grand Isle,7235.0
Vermont,Lamoille,25362.0
Vermont,Orange,28892.0
Vermont,Orleans,27037.0
Vermont,Rutland,58191.0
Vermont,Washington,58409.0
Vermont,Windham,42222.0
Vermont,Windsor,55062.0
Virginia,Accomack,32316.0
Virginia,Albemarle,109330.0
Virginia,Alleghany,14860.0
Virginia,Amelia,13145.0
Virginia,Amherst,31605.0
Virginia,Appomattox,15911.0
Virginia,Arlington,236842.0
Virginia,Augusta,75558.0
Virginia,Bath,4147.0
Virginia,Bedford,78997.0
Virginia,Bland,6280.0
Virginia,Botetourt,33419.0
Virginia,Brunswick,16231.0
Virginia,Buchanan,21004.0
Virginia,Buckingham,17148.0
Virginia,Campbell,54885.0
Virginia,Caroline,30725.0
Virginia,Carroll,29791.0
Virginia,Charles City,6963.0
Virginia,Charlotte,11880.0
Virginia,Chesterfield,352802.0
Virginia,Clarke,14619.0
Virginia,Craig,5131.0
Virginia,Culpeper,52605.0
Virginia,Cumberland,9932.0
Virginia,Dickenson,14318.0
Virginia,Dinwiddie,28544.0
Virginia,Essex,10953.0
Virginia,Fairfax,1147532.0
Virginia,Fauquier,71222.0
Virginia,Floyd,15749.0
Virginia,Fluvanna,27270.0
Virginia,Franklin,56042.0
Virginia,Frederick,89313.0
Virginia,Giles,16720.0
Virginia,Gloucester,37348.0
Virginia,Goochland,23753.0
Virginia,Grayson,15550.0
Virginia,Greene,19819.0
Virginia,Greensville,11336.0
Virginia,Halifax,33911.0
Virginia,Hanover,107766.0
Virginia,Henrico,330818.0
Virginia,Henry,50557.0
Virginia,Highland,2190.0
Virginia,Isle of Wight,37109.0
Virginia,James City,76523.0
Virginia,King Queen,7025.0
Virginia,King George,26836.0
Virginia,King William,17148.0
Virginia,Lancaster,10603.0
Virginia,Lee,23423.0
Virginia,Loudoun,413538.0
Virginia,Louisa,37591.0
Virginia,Lunenburg,12196.0
Virginia,Madison,13261.0
Virginia,Mathews,8834.0
Virginia,Mecklenburg,30587.0
Virginia,Middlesex,10582.0
Virginia,Montgomery,98535.0
Virginia,Nelson,14930.0
Virginia,New Kent,23091.0
Virginia,Northampton,11710.0
Virginia,Northumberland,12095.0
Virginia,Nottoway,15232.0
Virginia,Orange,37051.0
Virginia,Page,23902.0
Virginia,Patrick,17608.0
Virginia,Pittsylvania,60354.0
Virginia,Powhatan,29652.0
Virginia,Prince Edward,22802.0
Virginia,Prince George,38353.0
Virginia,Prince William,470335.0
Virginia,Pulaski,34027.0
Virginia,Rappahannock,7370.0
Virginia,Richmond,9023.0
Virginia,Roanoke,94186.0
Virginia,Rockbridge,22573.0
Virginia,Rockingham,81948.0
Virginia,Russell,26586.0
Virginia,Scott,21566.0
Virginia,Shenandoah,43616.0
Virginia,Smyth,30104.0
Virginia,Southampton,17631.0
Virginia,Spotsylvania,136215.0
Virginia,Stafford,152882.0
Virginia,Surry,6422.0
Virginia,Sussex,11159.0
Virginia,Tazewell,40595.0
Virginia,Warren,40164.0
Virginia,Washington,53740.0
Virginia,Westmoreland,18015.0
Virginia,Wise,37383.0
Virginia,Wythe,28684.0
Virginia,York,68280.0
Virginia,Alexandria,159428.0
Virginia,Bristol,16762.0
Virginia,Buena Vista,6478.0
Virginia,Charlottesville,47266.0
Virginia,Chesapeake,244835.0
Virginia,Colonial Heights,17370.0
Virginia,Covington,5538.0
Virginia,Danville,40044.0
Virginia,Emporia,5346.0
Virginia,Fairfax,24019.0
Virginia,Falls Church,14617.0
Virginia,Franklin,7967.0
Virginia,Fredericksburg,29036.0
Virginia,Galax,6347.0
Virginia,Hampton,134510.0
Virginia,Harrisonburg,53016.0
Virginia,Hopewell,22529.0
Virginia,Lexington,7446.0
Virginia,Lynchburg,82168.0
Virginia,Manassas,41085.0
Virginia,Manassas Park,17478.0
Virginia,Martinsville,12554.0
Virginia,Newport News,179225.0
Virginia,Norfolk,242742.0
Virginia,Norton,3981.0
Virginia,Petersburg,31346.0
Virginia,Poquoson,12271.0
Virginia,Portsmouth,94398.0
Virginia,Radford,18249.0
Virginia,Richmond,230436.0
Virginia,Roanoke,99143.0
Virginia,Salem,25301.0
Virginia,Staunton,24932.0
Virginia,Suffolk,92108.0
Virginia,Virginia Beach,449974.0
Virginia,Waynesboro,22630.0
Virginia,Williamsburg,14954.0
Virginia,Winchester,28078.0
Washington,Adams,19983.0
Washington,Asotin,22582.0
Washington,Benton,204390.0
Washington,Chelan,77200.0
Washington,Clallam,77331.0
Washington,Clark,488241.0
Washington,Columbia,3985.0
Washington,Cowlitz,110593.0
Washington,Douglas,43429.0
Washington,Ferry,7627.0
Washington,Franklin,95222.0
Washington,Garfield,2225.0
Washington,Grant,97733.0
Washington,Grays Harbor,75061.0
Washington,Island,85141.0
Washington,Jefferson,32221.0
Washington,King,2252782.0
Washington,Kitsap,271473.0
Washington,Kittitas,47935.0
Washington,Klickitat,22425.0
Washington,Lewis,80707.0
Washington,Lincoln,10939.0
Washington,Mason,66768.0
Washington,Okanogan,42243.0
Washington,Pacific,22471.0
Washington,Pend Oreille,13724.0
Washington,Pierce,904980.0
Washington,San Juan,17582.0
Washington,Skagit,129205.0
Washington,Skamania,12083.0
Washington,Snohomish,822083.0
Washington,Spokane,522798.0
Washington,Stevens,45723.0
Washington,Thurston,290536.0
Washington,Wahkiakum,4488.0
Washington,Walla Walla,60760.0
Washington,Whatcom,229247.0
Washington,Whitman,50104.0
Washington,Yakima,250873.0
West Virginia,Barbour,16441.0
West Virginia,Berkeley,119171.0
West Virginia,Boone,21457.0
West Virginia,Braxton,13957.0
West Virginia,Brooke,21939.0
West Virginia,Cabell,91945.0
West Virginia,Calhoun,7109.0
West Virginia,Clay,8508.0
West Virginia,Doddridge,8448.0
West Virginia,Fayette,42406.0
West Virginia,Gilmer,7823.0
West Virginia,Grant,11568.0
West Virginia,Greenbrier,34662.0
West Virginia,Hampshire,23175.0
West Virginia,Hancock,28810.0
West Virginia,Hardy,13776.0
West Virginia,Harrison,67256.0
West Virginia,Jackson,28576.0
West Virginia,Jefferson,57146.0
West Virginia,Kanawha,178124.0
West Virginia,Lewis,15907.0
West Virginia,Lincoln,20409.0
West Virginia,Logan,32019.0
West Virginia,McDowell,17624.0
West Virginia,Marion,56072.0
West Virginia,Marshall,30531.0
West Virginia,Mason,26516.0
West Virginia,Mercer,58758.0
West Virginia,Mineral,26868.0
West Virginia,Mingo,23424.0
West Virginia,Monongalia,105612.0
West Virginia,Monroe,13275.0
West Virginia,Morgan,17884.0
West Virginia,Nicholas,24496.0
West Virginia,Ohio,41411.0
West Virginia,Pendleton,6969.0
West Virginia,Pleasants,7460.0
West Virginia,Pocahontas,8247.0
West Virginia,Preston,33432.0
West Virginia,Putnam,56450.0
West Virginia,Raleigh,73361.0
West Virginia,Randolph,28695.0
West Virginia,Ritchie,9554.0
West Virginia,Roane,13688.0
West Virginia,Summers,12573.0
West Virginia,Taylor,16695.0
West Virginia,Tucker,6839.0
West Virginia,Tyler,8591.0
West Virginia,Upshur,24176.0
West Virginia,Wayne,39402.0
West Virginia,Webster,8114.0
West Virginia,Wetzel,15065.0
West Virginia,Wirt,5821.0
West Virginia,Wood,83518.0
West Virginia,Wyoming,20394.0
Wisconsin,Adams,20220.0
Wisconsin,Ashland,15562.0
Wisconsin,Barron,45244.0
Wisconsin,Bayfield,15036.0
Wisconsin,Brown,264542.0
Wisconsin,Buffalo,13031.0
Wisconsin,Burnett,15414.0
Wisconsin,Calumet,50089.0
Wisconsin,Chippewa,64658.0
Wisconsin,Clark,34774.0
Wisconsin,Columbia,57532.0
Wisconsin,Crawford,16131.0
Wisconsin,Dane,546695.0
Wisconsin,Dodge,87839.0
Wisconsin,Door,27668.0
Wisconsin,Douglas,43150.0
Wisconsin,Dunn,45368.0
Wisconsin,Eau Claire,104646.0
Wisconsin,Florence,4295.0
Wisconsin,Fond du Lac,103403.0
Wisconsin,Forest,9004.0
Wisconsin,Grant,51439.0
Wisconsin,Green,36960.0
Wisconsin,Green Lake,18913.0
Wisconsin,Iowa,23678.0
Wisconsin,Iron,5687.0
Wisconsin,Jackson,20643.0
Wisconsin,Jefferson,84769.0
Wisconsin,Juneau,26687.0
Wisconsin,Kenosha,169561.0
Wisconsin,Kewaunee,20434.0
Wisconsin,La Crosse,118016.0
Wisconsin,Lafayette,16665.0
Wisconsin,Langlade,19189.0
Wisconsin,Lincoln,27593.0
Wisconsin,Manitowoc,78981.0
Wisconsin,Marathon,135692.0
Wisconsin,Marinette,40350.0
Wisconsin,Marquette,15574.0
Wisconsin,Menominee,4556.0
Wisconsin,Milwaukee,945726.0
Wisconsin,Monroe,46253.0
Wisconsin,Oconto,37930.0
Wisconsin,Oneida,35595.0
Wisconsin,Outagamie,187885.0
Wisconsin,Ozaukee,89221.0
Wisconsin,Pepin,7287.0
Wisconsin,Pierce,42754.0
Wisconsin,Polk,43783.0
Wisconsin,Portage,70772.0
Wisconsin,Price,13351.0
Wisconsin,Racine,196311.0
Wisconsin,Richland,17252.0
Wisconsin,Rock,163354.0
Wisconsin,Rusk,14178.0
Wisconsin,St. Croix,90687.0
Wisconsin,Sauk,64442.0
Wisconsin,Sawyer,16558.0
Wisconsin,Shawano,40899.0
Wisconsin,Sheboygan,115340.0
Wisconsin,Taylor,20343.0
Wisconsin,Trempealeau,29649.0
Wisconsin,Vernon,30822.0
Wisconsin,Vilas,22195.0
Wisconsin,Walworth,103868.0
Wisconsin,Washburn,15720.0
Wisconsin,Washington,136034.0
Wisconsin,Waukesha,404198.0
Wisconsin,Waupaca,50990.0
Wisconsin,Waushara,24443.0
Wisconsin,Winnebago,171907.0
Wisconsin,Wood,72999.0
Wyoming,Albany,38880.0
Wyoming,Big Horn,11790.0
Wyoming,Campbell,46341.0
Wyoming,Carbon,14800.0
Wyoming,Converse,13822.0
Wyoming,Crook,7584.0
Wyoming,Fremont,39261.0
Wyoming,Goshen,13211.0
Wyoming,Hot Springs,4413.0
Wyoming,Johnson,8445.0
Wyoming,Laramie,99500.0
Wyoming,Lincoln,19830.0
Wyoming,Natrona,79858.0
Wyoming,Niobrara,2356.0
Wyoming,Park,29194.0
Wyoming,Platte,8393.0
Wyoming,Sheridan,30485.0
Wyoming,Sublette,9831.0
Wyoming,Sweetwater,42343.0
Wyoming,Teton,23464.0
Wyoming,Uinta,20226.0
Wyoming,Washakie,7805.0
Wyoming,Weston,6927.0
Puerto Rico,Adjuntas,17363.0
Puerto Rico,Aguada,36694.0
Puerto Rico,Aguadilla,50265.0
Puerto Rico,Aguas Buenas,24814.0
Puerto Rico,Aibonito,22108.0
Puerto Rico,A√±asco,26161.0
Puerto Rico,Arecibo,81966.0
Puerto Rico,Arroyo,17238.0
Puerto Rico,Barceloneta,23727.0
Puerto Rico,Barranquitas,27725.0
Puerto Rico,Bayam√≥n,169269.0
Puerto Rico,Cabo Rojo,47515.0
Puerto Rico,Caguas,124606.0
Puerto Rico,Camuy,30504.0
Puerto Rico,Can√≥vanas,44674.0
Puerto Rico,Carolina,146984.0
Puerto Rico,Cata√±o,23121.0
Puerto Rico,Cayey,42409.0
Puerto Rico,Ceiba,10904.0
Puerto Rico,Ciales,15808.0
Puerto Rico,Cidra,38307.0
Puerto Rico,Coamo,38336.0
Puerto Rico,Comer√≠o,18648.0
Puerto Rico,Corozal,32293.0
Puerto Rico,Culebra,1714.0
Puerto Rico,Dorado,36141.0
Puerto Rico,Fajardo,29454.0
Puerto Rico,Florida,11317.0
Puerto Rico,Gu√°nica,15383.0
Puerto Rico,Guayama,39465.0
Puerto Rico,Guayanilla,17623.0
Puerto Rico,Guaynabo,83728.0
Puerto Rico,Gurabo,47093.0
Puerto Rico,Hatillo,39218.0
Puerto Rico,Hormigueros,15518.0
Puerto Rico,Humacao,50653.0
Puerto Rico,Isabela,40423.0
Puerto Rico,Jayuya,13891.0
Puerto Rico,Juana D√≠az,44679.0
Puerto Rico,Juncos,38155.0
Puerto Rico,Lajas,22010.0
Puerto Rico,Lares,24276.0
Puerto Rico,Las Mar√≠as,7927.0
Puerto Rico,Las Piedras,37007.0
Puerto Rico,Lo√≠za,24553.0
Puerto Rico,Luquillo,17665.0
Puerto Rico,Manat√≠,37287.0
Puerto Rico,Maricao,5430.0
Puerto Rico,Maunabo,10321.0
Puerto Rico,Mayag√ºez,71530.0
Puerto Rico,Moca,34891.0
Puerto Rico,Morovis,30335.0
Puerto Rico,Naguabo,25761.0
Puerto Rico,Naranjito,27349.0
Puerto Rico,Orocovis,20220.0
Puerto Rico,Patillas,16211.0
Puerto Rico,Pe√±uelas,19249.0
Puerto Rico,Ponce,131881.0
Puerto Rico,Quebradillas,22918.0
Puerto Rico,Rinc√≥n,13656.0
Puerto Rico,R√≠o Grande,48025.0
Puerto Rico,Sabana Grande,21712.0
Puerto Rico,Salinas,27128.0
Puerto Rico,San Germ√°n,30227.0
Puerto Rico,San Juan,318441.0
Puerto Rico,San Lorenzo,35989.0
Puerto Rico,San Sebasti√°n,35528.0
Puerto Rico,Santa Isabel,21209.0
Puerto Rico,Toa Alta,72025.0
Puerto Rico,Toa Baja,74271.0
Puerto Rico,Trujillo Alto,63674.0
Puerto Rico,Utuado,27395.0
Puerto Rico,Vega Alta,36061.0
Puerto Rico,Vega Baja,50023.0
Puerto Rico,Vieques,8386.0
Puerto Rico,Villalba,21372.0
Puerto Rico,Yabucoa,32282.0
Puerto Rico,Yauco,33575.0
