,Enrollment
Alabama A&M University,6001.0
Alabama State University,5475.0
Athens State University,3621.0
Auburn University*,27287.0
Auburn University at Montgomery,5211.0
Bevill State Community College,3526.0
Birmingham-Southern College,1305.0
Calhoun Community College,10000.0
Central Alabama Community College,2451.0
Enterprise State Community College,
Gadsden State Community College,7031.0
Jacksonville State University,9021.0
Lurleen B. Wallace Community College,1790.0
Marion Military Institute,394.0
Samford University,5471.0
Snead State Community College,2436.0
Southern Union State Community College,5075.0
Spring Hill College,1439.0
Troy University,18440.0
Troy University Dothan,
Troy University Montgomery,774.0
Troy University-Phenix City Campus,885.0
Tuskegee University,3117.0
University of Alabama,38563.0
University of Alabama at Birmingham*,17189.0
University of Alabama in Huntsville,9988.0
University of Montevallo,2600.0
University of North Alabama,7233.0
University of South Alabama,15093.0
University of West Alabama,5157.0
University of Alaska Anchorage,
University of Alaska Fairbanks,9330.0
University of Alaska Southeast,3458.0
Arizona State University,71946.0
Arizona Western College,13000.0
Dine College,2033.0
Embry-Riddle Aeronautical University at Prescott,2400.0
Grand Canyon University,
Midwestern University at Glendale,
Northern Arizona University,29031.0
University of Arizona,44831.0
Arkansas Northeastern College,1914.0
Arkansas State University,13891.0
Arkansas State University-Newport,2651.0
Arkansas Tech University,8892.0
Black River Technical College,3000.0
Central Baptist College,881.0
Harding University,7155.0
Henderson State University,
Hendrix College,1348.0
John Brown University,2613.0
Lyon College,651.0
National Park College,2768.0
North Arkansas College,
NorthWest Arkansas Community College,7715.0
Ouachita Baptist University,
South Arkansas Community College,
Southern Arkansas University,4771.0
University of Arkansas,27558.0
University of Arkansas Community College Rich Mountain,
University of Arkansas Community College at Hope - Texarkana,
University of Arkansas Community College-Morrilton,
University of Arkansas at Fort Smith,7587.0
University of Arkansas at Little Rock,9579.0
University of Arkansas at Monticello,3925.0
University of Arkansas at Pine Bluff,2498.0
University of Arkansas for Medical Sciences,3021.0
University of Arkansas-Pulaski Technical College,6576.0
University of Central Arkansas,11754.0
University of the Ozarks,630.0
Antelope Valley College,14408.0
Azusa Pacific University,10020.0
Biola University,6222.0
California Baptist University,11317.0
California Institute of Technology,2238.0
California Lutheran University,4174.0
"California Polytechnic State University, San Luis Obispo",20944.0
"California State Polytechnic University, Pomona",25894.0
California State University Maritime Academy,1120.0
"California State University, Bakersfield",10545.0
"California State University, Channel Islands",6167.0
"California State University, Chico",17488.0
"California State University, Dominguez Hills",17763.0
"California State University, East Bay",14823.0
"California State University, Fullerton",40235.0
"California State University, Long Beach",37446.0
"California State University, Los Angeles",27681.0
"California State University, Monterey Bay",7634.0
"California State University, Northridge",39816.0
"California State University, Sacramento",30661.0
"California State University, San Bernardino",20767.0
"California State University, San Marcos",14179.0
"California State University, Stanislaus",10003.0
Chapman University,8305.0
Concordia University Irvine,2564.0
Cypress College,16214.0
Dominican University of California,1783.0
El Camino Community College,24224.0
Feather River College,1635.0
Fresno Pacific University,3603.0
Fresno State University,24403.0
Harvey Mudd College,844.0
Holy Names University,1331.0
Humboldt State University,8116.0
Los Angeles Community College District‡,
Loyola Marymount University,9295.0
Menlo College,
Mills College,713.0
MiraCosta College,10500.0
Occidental College‡,2055.0
Pepperdine University,7632.0
Pitzer College,
Point Loma Nazarene University‡,3480.0
Pomona College,1663.0
Rio Hondo College*,22457.0
Saint Mary's College of California,3908.0
San Diego City College,18549.0
San Diego Mesa College,25972.0
San Diego Miramar College,12805.0
San Diego State University System,
San Francisco State University,29607.0
San Jose State University,32773.0
Santa Ana College,37916.0
Santa Clara University,9015.0
Santa Monica College,30830.0
Santiago Canyon College,12372.0
Scripps College,1109.0
Shasta College,10025.0
Sonoma State University,8668.0
Southwestern College,19476.0
Stanford University*,16914.0
"University of California, Berkeley",41910.0
"University of California, Davis",35186.0
"University of California, Hastings College of Law",930.0
"University of California, Irvine",33467.0
"University of California, Los Angeles",44947.0
"University of California, Merced",7336.0
"University of California, Riverside",21539.0
"University of California, San Diego*",35821.0
"University of California, San Francisco*",3300.0
"University of California, Santa Barbara",24346.0
"University of California, Santa Cruz",19457.0
University of Redlands,4769.0
University of San Diego,8251.0
University of San Francisco,11080.0
University of Southern California,44000.0
University of the Pacific,6281.0
Westmont College,1298.0
Whittier College,1987.0
Adams State University,3701.0
Arapahoe Community College,20000.0
Colorado Christian University,7379.0
Colorado College,
Colorado Mesa University,10662.0
Colorado Mountain College Glenwood Springs,5823.0
Colorado School of Mines,6607.0
Colorado State University,33413.0
Colorado State University-Pueblo,
Community College of Aurora,7824.0
Community College of Denver,12367.0
Fort Lewis College,3856.0
Front Range Community College,20568.0
Johnson & Wales University-Denver,1388.0
Metropolitan State University of Denver,23789.0
Morgan Community College,
Northeastern Junior College,
Otero Junior College,1546.0
Pikes Peak Community College,20000.0
Pueblo Community College,5592.0
Regis University,9208.0
Trinidad State Junior College,1916.0
United States Air Force Academy,
University of Colorado Boulder,33246.0
University of Colorado Colorado Springs,12435.0
University of Colorado Denver and Anschutz Medical Campus*,4490.0
University of Denver,11614.0
University of Northern Colorado,12260.0
Western Colorado University,
Albertus Magnus College,1961.0
Central Connecticut State University,12133.0
Connecticut College‡,1903.0
Eastern Connecticut State University,5447.0
Fairfield University,5192.0
Mitchell College,1000.0
Quinnipiac University,10200.0
Sacred Heart University,8532.0
Southern Connecticut State University,
Trinity College,2163.0
Tunxis Community College,
United States Coast Guard Academy,
University of Bridgeport,
University of Connecticut*,32183.0
University of Hartford,7025.0
University of New Haven,6984.0
University of Saint Joseph,2467.0
Wesleyan University,3224.0
Western Connecticut State University,
Yale University†,12385.0
Delaware State University,4872.0
Delaware Technical Community College Dover,3351.0
Delaware Technical Community College Georgetown,
Delaware Technical Community College Stanton,
University of Delaware,23774.0
Wesley College,1600.0
AdventHealth University,1809.0
Atlantic Technical College,
Atlantis University,
Ave Maria University,1110.0
Aveda Institute-South Florida,
Aveda Institute-Tallahassee,
Aviation Institute of Maintenance-Orlando,
Barry University,8905.0
Bene's Career Academy,
Bethune-Cookman University,3773.0
Big Bend Technical College,
Broward College,67000.0
Charlotte Technical College,
Chipola College,2211.0
College of Central Florida,
Concorde Career Institute-Miramar,
Cortiva Institute-Maitland,
Daytona State College,26045.0
Eastern Florida State College,15593.0
Eckerd College,1800.0
Edward Waters College,769.0
Embry-Riddle Aeronautical University at Daytona Beach,7056.0
Erwin Technical College,810.0
Everglades University,1498.0
First Coast Technical College,
Flagler College,2501.0
Flagler Technical Institute,
Florida A&M University,
Florida Atlantic University,30377.0
Florida Career College at Tampa,
Florida College,478.0
Florida Gateway College,3032.0
Florida Gulf Coast University,14673.0
Florida Institute of Recording Sound and Technology,
Florida Institute of Technology,6402.0
Florida International University,55000.0
Florida Memorial University,1339.0
Florida National University,5541.0
Florida Polytechnic University,1300.0
Florida SouthWestern State College,16576.0
Florida Southern College,2442.0
Florida State College at Jacksonville,
Florida State University,32812.0
Florida Technical College,
Fort Myers Technical College,
Fortis Institute at Port Saint Lucie,
Fred K. Marchman Technical College,
Full Sail University,15500.0
Gadsden Technical Institute,
George Stone Technical College,
Gulf Coast State College,7207.0
Gwinnett Institute,
HCI College,
Hillsborough Community College,27955.0
Immokalee Technical College,
Indian River State College,17511.0
Jacksonville University,
Keiser University Flagship Residential Campus,
Keiser University at Fort Myers,
Keiser University at Jacksonville,
Keiser University at Lakeland,
Keiser University at Melbourne,
Keiser University at Sarasota,
Keiser University at Tallahassee,
Keiser University at West Palm Beach,
Keiser University-Daytona,16379.0
Keiser University-Port St Lucie,
Lake-Sumter State College,4929.0
Lindsey Hopkins Technical College,
Lively Technical College,
Loraines Academy & Spa,
Lorenzo Walker Technical College,
Lynn University,3000.0
Marion Technical College,2477.0
Meridian College,3979.0
Miami Dade College,
Miami International University of Art and Design,758.0
New College of Florida,838.0
North Florida College,1302.0
Northwest Florida State College,17012.0
Nova Southeastern University,25670.0
Okaloosa Technical College,
Orange Technical College Mid Florida Campus,
Orange Technical College Orlando Campus,
Orange Technical College Winter Park Campus,
Palm Beach Atlantic University,3579.0
Palm Beach State College,48966.0
Pasco-Hernando State College,11263.0
Pensacola State College,9643.0
Pinellas Technical College-St. Petersburg,
Polk State College,10589.0
Radford M Locklin Technical College,
Rasmussen College at Fort Myers,
Ridge Technical College,560.0
Riveroak Technical College,
Rollins College,3272.0
Saint Leo University,
Santa Fe College,17360.0
Seminole State College of Florida,32771.0
Sheridan Technical College,
South Florida Bible College and Theological Seminary,
South Florida State College,3940.0
Southeastern College at West Palm Beach,
Southeastern University,4538.0
St. Johns River State College,10514.0
St. Petersburg College,29183.0
St. Thomas University,9878.0
"State College of Florida, Manatee-Sarasota",11431.0
Stetson University,4330.0
Suncoast Technical College,
Tallahassee Community College,38017.0
The College of the Florida Keys,3471.0
Traviss Technical College,
Trinity College of Florida,201.0
Universal Technical Institute-Auto Motorcycle & Marine Mechanics Institute Division-Orlando,
University of Central Florida,66183.0
University of Florida*,52367.0
University of Fort Lauderdale,46.0
University of Miami*,17003.0
University of North Florida,15944.0
University of South Florida*,49591.0
University of South Florida Sarasota-Manatee,1882.0
"University of South Florida, St. Petersburg",3944.0
University of Tampa,8310.0
University of West Florida,12850.0
Valencia College,42631.0
Warner University,1082.0
Webber International University,758.0
William T. McFatter Technical College,
Abraham Baldwin Agricultural College,3284.0
Agnes Scott College,
Albany State University,6122.0
Augusta University,9274.0
Berry College,2110.0
Brenau University,
Clayton State University,6900.0
College of Coastal Georgia,3663.0
Columbus State University,8307.0
Covenant College‡,1094.0
Dalton State College,5988.0
East Georgia State College,3063.0
Emmanuel College,2500.0
Emory University,14769.0
Fort Valley State University,2306.0
Georgia College & State University,6230.0
Georgia Gwinnett College,11468.0
Georgia Highlands College,5530.0
Georgia Institute of Technology,26839.0
Georgia Military College,
Georgia Southern University,20517.0
Georgia Southwestern State University,2950.0
Georgia State University,32082.0
Gordon State College,5009.0
Kennesaw State University,35600.0
LaGrange College,994.0
Mercer University,8600.0
Middle Georgia State University,8066.0
Oglethorpe University,1385.0
Savannah State University,3688.0
South Georgia State College,2214.0
University of Georgia,37606.0
University of North Georgia,18219.0
University of West Georgia‡,13510.0
Valdosta State University,11420.0
Wesleyan College,3224.0
Young Harris College,1120.0
University of Guam,3904.0
Brigham Young University-Hawaii,2952.0
Chaminade University of Honolulu,2836.0
Hawaii Pacific University,4998.0
Kapiolani Community College,7816.0
Leeward Community College,7942.0
University of Hawaii Maui College,4527.0
University of Hawaii at Hilo,3539.0
University of Hawaii at Manoa,18056.0
University of Hawaii-West Oahu,2944.0
Boise State University,22113.0
Brigham Young University-Idaho,19399.0
College of Idaho,925.0
College of Southern Idaho,7615.0
Idaho State University,12643.0
Lewis-Clark State College,3684.0
North Idaho College,6347.0
Northwest Nazarene University,2058.0
University of Idaho,11780.0
Augustana College,2537.0
Aurora University,
Benedictine University,6516.0
Bradley University,5458.0
Chicago State University,2964.0
Columbia College Chicago,6195.0
Concordia University Chicago,5134.0
DePaul University,23539.0
Dominican University,
Eastern Illinois University,8626.0
Elmhurst University,3350.0
Eureka College,567.0
Governors State University,5776.0
Greenville University,872.0
Illinois College,
Illinois Institute of Technology,7792.0
Illinois State University,21039.0
Illinois Wesleyan University,2090.0
Kaskaskia College,5286.0
Knox College,
Lake Forest College,1592.0
Lake Land College,8200.0
Lewis University,
Loyola University Chicago,16437.0
McKendree University,2499.0
Midwestern University at Downers Grove,
Millikin University,2340.0
Monmouth College,
Moody Bible Institute,5077.0
North Central College,2989.0
North Park University,3136.0
Northeastern Illinois University,8984.0
Northern Illinois University,20130.0
Northwestern University,21000.0
Olivet Nazarene University,4986.0
Parkland College,9715.0
Principia College,480.0
Quincy University,1098.0
Rockford University,1298.0
Saint Xavier University,3896.0
School of the Art Institute of Chicago,3519.0
Southeastern Illinois College,5000.0
Southern Illinois University Carbondale,
Southern Illinois University Edwardsville,14235.0
University of Chicago,14467.0
University of Illinois Springfield,4146.0
University of Illinois Urbana-Champaign,44087.0
University of Illinois at Chicago,29120.0
Western Illinois University,9441.0
Wheaton College,2850.0
Anderson University,2512.0
Ball State University,21998.0
Butler University,5095.0
DePauw University,2161.0
Earlham College,1019.0
Franklin College,1000.0
Goshen College,950.0
Grace College and Theological Seminary,1773.0
Hanover College,
Indiana State University,13584.0
Indiana University Bloomington,48514.0
Indiana University East,4135.0
Indiana University Kokomo,4106.0
Indiana University Northwest,6387.0
Indiana University South Bend,5091.0
Indiana University Southeast,5238.0
Indiana University-Purdue University Indianapolis,30105.0
Ivy Tech. Community College-Indianapolis,
Manchester University,1770.0
Marian University,3595.0
Oakland City University,
Purdue University,41573.0
Purdue University Fort Wayne,14326.0
Purdue University Northwest,9400.0
Rose-Hulman Institute of Technology,2304.0
Saint Mary's College,
Taylor University,2145.0
Trine University,4998.0
University of Evansville,2526.0
University of Indianapolis,5500.0
University of Notre Dame,8624.0
University of Southern Indiana,10701.0
Valparaiso University,4540.0
Vincennes University,
Wabash College,
Buena Vista University,1982.0
Central College,1100.0
Clarke University,1232.0
Coe College,
Cornell College,
Dordt University,1539.0
Drake University,4991.0
Eastern Iowa Community College District,39000.0
Ellsworth Community College,1000.0
Graceland University,2222.0
Grand View University,2109.0
Grinnell College,1655.0
Hawkeye Community College,
Iowa State University,36321.0
Iowa Wesleyan University,700.0
Luther College,2337.0
Marshalltown Community College,2000.0
Morningside College,
Northwestern College,
Saint Ambrose University,3607.0
Simpson College,2035.0
University of Dubuque,2190.0
University of Iowa,33334.0
University of Northern Iowa,11928.0
Upper Iowa University,6158.0
Wartburg College,
William Penn University,1050.0
Allen County Community College,
Baker University,2879.0
Benedictine College,2330.0
Bethany College (Kan.),716.0
Bethel College,500.0
Butler Community College,12895.0
Central Christian College,1154.0
Dodge City Community College,1807.0
Emporia State University,5732.0
Flint Hills Technical College,941.0
Fort Hays State University,12802.0
Hesston College,448.0
Hutchinson Community College,5774.0
Johnson County Community College,19091.0
Kansas State University,24766.0
Kansas Wesleyan University,825.0
Labette Community College,
Newman University,2746.0
Pittsburg State University,6645.0
Sterling College,736.0
University of Kansas,28447.0
University of Saint Mary,1427.0
Washburn University,6636.0
Wichita State University,15081.0
Alice Lloyd College,619.0
Asbury Theological Seminary,1710.0
Asbury University,1613.0
Ashland Community and Technical College,4688.0
Beckfield College,
Bellarmine University,3846.0
Berea College,1661.0
Big Sandy Community and Technical College,5360.0
Bluegrass Community and Technical College,14164.0
Brescia University,688.0
Campbellsville University,12209.0
Centre College,1242.0
Clear Creek Baptist Bible College,
Eastern Kentucky University,15816.0
Elizabethtown Community and Technical College,7887.0
Frontier Nursing University,
Galen College of Nursing-Louisville,
Gateway Community and Technical College,4850.0
Georgetown College,1517.0
Hazard Community and Technical College,
Henderson Community College,2137.0
Hopkinsville Community College,4459.0
Jefferson Community and Technical College,11982.0
Kentucky Christian University,613.0
Kentucky State University,1926.0
Kentucky Wesleyan College,785.0
Lexington Healing Arts Academy,
Lexington Theological Seminary,
Lindsey Wilson College,2590.0
Madisonville Community College,4582.0
Maysville Community and Technical College,4634.0
MedQuest College,
Midway University,1606.0
Morehead State University,10654.0
Murray State University,10998.0
Northern Kentucky University,15738.0
Owensboro Community and Technical College,7095.0
Paul Mitchell the School-Lexington,
Simmons College of Kentucky,
Somerset Community College,6410.0
Southcentral Kentucky Community and Technical College,
Southeast Kentucky Community and Technical College,5190.0
Spalding University,2322.0
Sullivan University,6085.0
The Southern Baptist Theological Seminary,5067.0
Thomas More University,1963.0
Transylvania University,1100.0
Union College,2242.0
University of Kentucky,30473.0
University of Louisville,22640.0
University of Pikeville,2366.0
University of the Cumberlands,13476.0
West Kentucky Community and Technical College,7422.0
Western Kentucky University,20171.0
Baton Rouge Community College,8500.0
Bossier Parish Community College,6537.0
Centenary College of Louisiana,
Central Louisiana Technical Community College,
Delgado Community College,19000.0
Dillard University,1301.0
Fletcher Technical Community College,
Franciscan Missionaries of Our Lady University,
Grambling State University,4863.0
Louisiana College,1265.0
Louisiana Delta Community College,
Louisiana State University,31527.0
Louisiana State University Alexandria,3378.0
"Louisiana State University Health Sciences Center, New Orleans*",2699.0
"Louisiana State University Health Sciences Center, Shreveport*",
"Louisiana State University, Shreveport",8518.0
Louisiana State University-Eunice,3074.0
Louisiana Tech University,12414.0
Loyola University New Orleans,3836.0
McNeese State University,7626.0
New Orleans Baptist Theological Seminary,
Nicholls State University,6366.0
Northshore Technical Community College,
Northwest Louisiana Technical College,
Northwestern State University of Louisiana,9002.0
Nunez Community College,
River Parishes Community College,
SOWELA Technical Community College,3054.0
Saint Joseph Seminary College,126.0
South Louisiana Community College,
Southeastern Louisiana University,15403.0
Southern University Law Center,
Southern University and A&M College,6489.0
Southern University at New Orleans,3165.0
Southern University at Shreveport,2834.0
Tulane University of Louisiana,13602.0
University of Holy Cross,1225.0
University of Louisiana Monroe,8854.0
University of Louisiana at Lafayette,19291.0
University of New Orleans,7976.0
Xavier University of Louisiana,3231.0
Bates College,1792.0
Bowdoin College,1806.0
Colby College,1815.0
Husson University,3500.0
Maine Maritime Academy,949.0
Saint Joseph's College of Maine,2775.0
Thomas College,984.0
University of Maine,11286.0
University of Maine Farmington,2430.0
University of Maine at Augusta,5652.0
University of Maine at Fort Kent,1073.0
University of Maine at Machias,951.0
University of Maine at Presque Isle,1434.0
University of New England,12245.0
University of Southern Maine,7855.0
Bowie State University,5561.0
Coppin State University,2724.0
Frostburg State University,5676.0
Hood College,2448.0
Johns Hopkins University,23917.0
McDaniel College,1629.0
Morgan State University,7747.0
Mount St. Mary's University,2240.0
Notre Dame of Maryland University,2982.0
Salisbury University,8714.0
St. Mary's College of Maryland,
Stevenson University‡,4122.0
Towson University,22284.0
United States Naval Academy,4526.0
University of Baltimore,
University of Maryland Eastern Shore,4467.0
"University of Maryland, Baltimore",
"University of Maryland, Baltimore County",13602.0
"University of Maryland, College Park",40521.0
Washington College,
American International College,
Amherst College,1792.0
Anna Maria College,1462.0
Assumption College,2349.0
Babson College,3057.0
Bay Path University,2116.0
Bentley University,5602.0
Boston College,14125.0
Boston University,32551.0
Brandeis University,5945.0
Bridgewater State University,11294.0
Clark University,3178.0
College of Our Lady of the Elms,1355.0
College of the Holy Cross,3020.0
Curry College,4700.0
Eastern Nazarene College,1211.0
Emerson College,4561.0
Endicott College,4900.0
Fitchburg State University,7569.0
Framingham State University,5953.0
Franklin W Olin College of Engineering,
Gordon College,1857.0
Hampshire College‡,
Harvard University,22947.0
Hebrew College,
Lasell University,2092.0
Massachusetts College of Art and Design,2070.0
Massachusetts College of Liberal Arts,1974.0
Massachusetts College of Pharmacy and Health Sciences*,7074.0
Massachusetts Institute of Technology†,11376.0
Massachusetts Maritime Academy,
Merrimack College‡,
Mount Holyoke College,2255.0
Nichols College,1069.0
Northeastern University,19940.0
Regis College,1737.0
Salem State University,
Simmons University,
Smith College,2600.0
Springfield College,
Stonehill College‡,
Suffolk University,9101.0
Tufts University,10872.0
University of Massachusetts Amherst,28635.0
University of Massachusetts Boston,16756.0
University of Massachusetts Dartmouth,8513.0
University of Massachusetts Lowell,17849.0
University of Massachusetts Medical School*,
Wellesley College,2474.0
Wentworth Institute of Technology,
Western New England University,3955.0
Westfield State University‡,5500.0
Williams College,2099.0
Worcester Polytechnic Institute,6642.0
Worcester State University‡,6471.0
Adrian College,1650.0
Albion College,
Alma College,
Alpena Community College,
Andrews University,4767.0
Aquinas College,2001.0
Bay College,
Bay Mills Community College,531.0
Calvin University,3840.0
Central Michigan University,26968.0
Cleary University,852.0
Concordia University Ann Arbor,1054.0
Cornerstone University,3000.0
Davenport University,7232.0
Eastern Michigan University,21105.0
Ferris State University,14187.0
Finlandia University,667.0
Glen Oaks Community College,1864.0
Grand Rapids Community College,14285.0
Grand Valley State University,25325.0
Great Lakes Christian College,207.0
Hillsdale College,
Hope College,
Jackson College,6988.0
Kalamazoo College,1443.0
Kettering University,
Kuyper College,300.0
Lake Michigan College,
Lake Superior State University,
Lawrence Technological University,4154.0
Madonna University,
Michigan State University,50344.0
Michigan Technological University,7238.0
Mid Michigan College,
Mott Community College,12345.0
Northern Michigan University,
Northwestern Michigan College,5433.0
Northwood University,
Oakland University,20012.0
Olivet College,
Rochester University,11126.0
Saginaw Valley State University,9766.0
Schoolcraft College*,13579.0
Siena Heights University,2630.0
Spring Arbor University,
University of Detroit Mercy,4920.0
University of Michigan,44718.0
University of Michigan-Dearborn,9468.0
University of Michigan-Flint,7532.0
Washtenaw Community College,12354.0
Wayne State University,27222.0
Western Michigan University,23914.0
Alexandria Technical & Community College,
Anoka Technical College,
Anoka-Ramsey Community College,12256.0
Augsburg University,3822.0
Bemidji State University,5120.0
Bethany Lutheran College,612.0
Bethel University,6500.0
Carleton College,2014.0
Central Lakes College-Brainerd,6000.0
Central Lakes College-Staples,
Century College,12000.0
Concordia College at Moorhead,
"Concordia University, St. Paul",4380.0
Crown College,1011.0
Dakota County Technical College,
Fond du Lac Tribal and Community College,2328.0
Gustavus Adolphus College,2450.0
Hamline University,
Hennepin Technical College,6745.0
Hibbing Community College,1486.0
Inver Hills Community College,14804.0
Itasca Community College,1200.0
Lake Superior College,5800.0
Macalester College,2146.0
Martin Luther College,775.0
Mesabi Range College,1700.0
Metropolitan State University,11506.0
Minneapolis Community and Technical College,14609.0
Minnesota State College Southeast,
Minnesota State Community and Technical College,6464.0
Minnesota State University Moorhead,7534.0
"Minnesota State University, Mankato",15000.0
Minnesota West Community and Technical College,
Normandale Community College,10169.0
North Hennepin Community College,7505.0
Northland Community and Technical College,4824.0
Northwest Technical College,
Pine Technical & Community College,1200.0
Rainy River Community College,350.0
Ridgewater College,4373.0
Riverland Community College,4015.0
Rochester Community and Technical College,8000.0
Saint Mary's University of Minnesota,5900.0
South Central College,
Southwest Minnesota State University,8285.0
St. Catherine University,4724.0
St. Cloud State University,15461.0
St. Cloud Technical and Community College,
St. Olaf College,3179.0
St. Paul College,11271.0
The College of Saint Scholastica,3906.0
University of Minnesota Crookston,2653.0
University of Minnesota Duluth,11168.0
University of Minnesota Morris,1431.0
University of Minnesota Rochester,488.0
University of Minnesota Twin Cities,51147.0
"University of Northwestern, St. Paul",3427.0
University of St. Thomas,9878.0
Vermilion Community College,711.0
Winona State University,8856.0
Alcorn State University,3523.0
Belhaven University,4245.0
Delta State University,2999.0
Jackson State University,9811.0
Millsaps College,985.0
Mississippi College,5270.0
Mississippi Delta Community College,3609.0
Mississippi State University,21622.0
Mississippi University for Women*,2789.0
Mississippi Valley State University,2406.0
Northeast Mississippi Community College,3400.0
Rust College,1064.0
University of Mississippi,23780.0
University of Mississippi Medical Center*,
University of Southern Mississippi,14554.0
Central Methodist University,3382.0
College of the Ozarks,1508.0
Crowder College,5410.0
Drury University,1741.0
Evangel University,2072.0
Fontbonne University,2532.0
Graceland University at Independence,
Harris-Stowe State University,1390.0
Kansas City Art Institute,678.0
Lincoln University of Missouri,3156.0
Lindenwood University,
Maryville University Saint Louis,6414.0
Missouri Baptist University,5062.0
Missouri Southern State University,5754.0
Missouri State University,26216.0
Missouri University of Science and Technology,8096.0
Missouri Western State University,5413.0
Northwest Missouri State University,6831.0
Ozarks Technical Community College,15123.0
Rockhurst University,2980.0
Saint Louis University,13287.0
Southeast Missouri State University,11978.0
Southwest Baptist University,3280.0
St. Louis College of Pharmacy*,
St. Louis Community College,
State Fair Community College,5073.0
Stephens College,850.0
Truman State University,6200.0
University of Central Missouri,11229.0
University of Missouri*,29866.0
University of Missouri-Kansas City,16019.0
University of Missouri-St. Louis*,16719.0
Washington University in St. Louis*,15155.0
Webster University,9966.0
Westminster College,1516.0
William Jewell College,739.0
William Woods University,2185.0
Carroll College,
Dawson Community College,443.0
Flathead Valley Community College,
Great Falls College Montana State University,
Helena College,1424.0
Little Big Horn College,366.0
Miles Community College,
Montana Bible College,
Montana State University,16703.0
Montana State University Billings,
Montana State University Northern,1215.0
Montana Technological University,2665.0
Pima Medical Institute-Dillon,
Rocky Mountain College,894.0
University of Montana,10962.0
University of Montana Western,1365.0
Chadron State College,2977.0
"Concordia University, Nebraska",2695.0
Creighton University,8654.0
Doane University,
Hastings College,
Midland University,1394.0
Nebraska Wesleyan University,2095.0
Peru State College,2518.0
Southeast Community College,9212.0
University of Nebraska Medical Center*,3486.0
University of Nebraska at Kearney,6327.0
University of Nebraska at Omaha,15526.0
University of Nebraska-Lincoln,26079.0
Wayne State College,3571.0
College of Southern Nevada,44088.0
Great Basin College,3836.0
Nevada State College,3534.0
Truckee Meadows Community College,11603.0
"University of Nevada, Las Vegas",28600.0
"University of Nevada, Reno",20194.0
Western Nevada College,4277.0
Colby-Sawyer College,
Dartmouth College,6350.0
Franklin Pierce University,2381.0
Great Bay Community College,2217.0
Keene State College,4282.0
Lakes Region Community College,1171.0
NHTI-Concord's Community College,4556.0
Nashua Community College,
New England College,2700.0
Plymouth State University‡,
Rivier University,2289.0
Saint Anselm College,1968.0
University of New Hampshire,15398.0
White Mountains Community College,
Berkeley College New Jersey campuses,
Bloomfield College,2180.0
Caldwell University,2214.0
Centenary University,2694.0
College of Saint Elizabeth,2112.0
Drew University,
Fairleigh Dickinson University,11619.0
Fairleigh Dickinson University Florham,
Felician University,2195.0
Georgian Court University,2885.0
Kean University,16633.0
Monmouth University,
Montclair State University,
New Jersey City University,
New Jersey Institute of Technology,11325.0
Princeton University,8623.0
Ramapo College of New Jersey,5685.0
Rider University,4825.0
Rowan University,19618.0
Rutgers University,
Rutgers University-Camden,6158.0
Rutgers University-Newark,11804.0
Saint Peter's University,3553.0
Seton Hall University,10300.0
Stevens Institute of Technology,7208.0
Stockton University,
The College of New Jersey,
William Paterson University,11518.0
Eastern New Mexico University,6027.0
Institute of American Indian Arts,
Navajo Technical University,1777.0
New Mexico Highlands University,3765.0
New Mexico Institute of Mining and Technology,
New Mexico Military Institute,914.0
New Mexico State University,25312.0
Northern New Mexico College,1714.0
San Juan College,12723.0
Santa Fe Community College,6480.0
University of New Mexico*,27353.0
Western New Mexico University,3479.0
ASA College,
Adelphi University,7859.0
Adirondack Community College,4098.0
Albany College of Pharmacy and Health Sciences*,1408.0
Albany Medical College,566.0
Albert Einstein College of Medicine,
Alfred University,2300.0
Bank Street College of Education,
Bard College,2469.0
Barnard College‡,2573.0
Berkeley College New York campuses,3772.0
Bryant & Stratton College,
Bryant & Stratton College-Albany,
Bryant & Stratton College-Amherst,
Bryant & Stratton College-Buffalo,
Bryant & Stratton College-Greece,
Bryant & Stratton College-Henrietta,
Bryant & Stratton College-Southtowns,
Bryant & Stratton College-Syracuse North,
CUNY Baruch College,18090.0
CUNY Borough of Manhattan Community College,26831.0
CUNY Bronx Community College,
CUNY Brooklyn College,17410.0
CUNY City College of New York,16161.0
CUNY College of Staten Island,13894.0
CUNY Guttman Community College,995.0
CUNY Hostos Community College,
CUNY Hunter College,23018.0
CUNY John Jay College of Criminal Justice,15000.0
CUNY Kingsborough Community College,15968.0
CUNY LaGuardia Community College,
CUNY Lehman College,
CUNY Medgar Evers College,
CUNY New York City College of Technology,17282.0
CUNY Queens College,19520.0
CUNY Queensborough Community College,
CUNY School of Law,
CUNY York College,8511.0
Canisius College,4537.0
Cayuga County Community College,4719.0
Cazenovia College,893.0
Clarkson University,4300.0
Clinton Community College,2334.0
Colgate University,2872.0
College of Mount Saint Vincent,
Columbia University,32429.0
Columbia-Greene Community College,2102.0
Concordia College New York,1466.0
Cornell University,21904.0
Culinary Institute of America,
D'Youville College,2900.0
Daemen College,2760.0
Dominican College,2058.0
Dutchess Community College,10329.0
Elim Bible Institute and College,
Elmira College,
Erie Community College,15084.0
Farmingdale State College,8648.0
Fashion Institute of Technology,8846.0
Finger Lakes Community College,6811.0
Finger Lakes Health College of Nursing & Health Sciences,
Five Towns College,1340.0
Fordham University,15286.0
Fulton-Montgomery Community College,2842.0
Genesee Community College,7365.0
Hamilton College,1850.0
Hartwick College,
Helene Fuld College of Nursing,
Herkimer County Community College,3774.0
Hilbert College,1117.0
Hobart William Smith Colleges,2351.0
Hofstra University,11131.0
Houghton College,1014.0
Hudson Valley Community College,12278.0
Icahn School of Medicine at Mount Sinai,
Iona College,3792.0
Ithaca College,6769.0
Jamestown Community College,2608.0
Jefferson Community College,3632.0
Keuka College,1867.0
Le Moyne College,3533.0
Long Island University,
Manhattan College,3883.0
Manhattanville College,2492.0
Maria College of Albany,800.0
Marist College,6474.0
Marymount Manhattan College,
Medaille College,
Mercy College,11295.0
Mildred Elley School-Albany Campus,1200.0
Mohawk Valley Community College,7400.0
Molloy College,4563.0
Monroe College,
Monroe Community College,17699.0
Mount Saint Mary College,2468.0
Nassau Community College,
Nazareth College,3257.0
New York Chiropractic College,
New York College of Health Professions,
New York College of Podiatric Medicine,
New York Institute of Technology,8306.0
New York Law School,900.0
New York Medical College*,1982.0
New York School of Interior Design,
New York University,51123.0
Niagara County Community College,12266.0
Niagara University,3763.0
Northeastern Seminary,
Nyack College,3305.0
Onondaga Community College,11783.0
Orange County Community College,12959.0
Pace University,12843.0
Pacific College of Oriental Medicine,
Paul Smiths College,1007.0
Plaza College,751.0
Pratt Institute,4556.0
Rensselaer Polytechnic Institute,7442.0
Roberts Wesleyan College,1786.0
Rochester Institute of Technology,18632.0
Rockefeller University,195.0
Rockland Community College,
Russell Sage College,
SUNY Albany,17280.0
SUNY Alfred State College of Technology,3700.0
SUNY Binghamton,16896.0
SUNY Brockport,8413.0
SUNY Broome Community College,6734.0
SUNY Buffalo State,10661.0
SUNY Canton,3800.0
SUNY Cobleskill,2566.0
SUNY College at Potsdam,3521.0
SUNY College of Environmental Science and Forestry,2209.0
SUNY College of Optometry,
SUNY Corning Community College,
SUNY Cortland,6858.0
SUNY Delhi,2989.0
SUNY Downstate Health Sciences University*,1846.0
SUNY Empire State College,10424.0
SUNY Geneseo,5588.0
SUNY Maritime College,1891.0
SUNY Morrisville,3454.0
SUNY New Paltz,7857.0
SUNY Old Westbury,4910.0
SUNY Oneonta,6543.0
SUNY Oswego,7986.0
SUNY Plattsburgh,5109.0
SUNY Polytechnic Institute,3002.0
SUNY Purchase College,4234.0
SUNY University at Buffalo,29850.0
SUNY Westchester Community College,13893.0
SUNY at Fredonia,4655.0
Saint Elizabeth College of Nursing,209.0
Sarah Lawrence College,1675.0
Schenectady County Community College,
Siena College,
Skidmore College,2300.0
St. Bonaventure University,2100.0
St. Francis College,
St. John Fisher College,
St. John's University,20448.0
St. Joseph's College Long Island,
St. Joseph's College New York,5837.0
St. Joseph's College of Nursing*,
St. Lawrence University,
St. Thomas Aquinas College,
Stony Brook University*,
Suffolk County Community College,
Sullivan County Community College,
Swedish Institute a College of Health Sciences,
Syracuse University,22484.0
The College of Saint Rose,3950.0
The College of Westchester,973.0
"The Graduate Center, CUNY",3607.0
The King's College,550.0
The New School,10254.0
Tompkins Cortland Community College,5513.0
Touro College,
Trocaire College,1567.0
Ulster County Community College,3686.0
United States Merchant Marine Academy,
United States Military Academy West Point,4389.0
University of Rochester*,11126.0
Upstate Medical University*,1537.0
Utica College,
Vassar College,2450.0
Vaughn College of Aeronautics and Technology,1704.0
Villa Maria College,457.0
Wagner College,2200.0
Weill Cornell Medical College*,414.0
Wells College,390.0
Yeshiva University,6348.0
Appalachian State University,18295.0
Barton College,1051.0
Belmont Abbey College,1711.0
Brevard College,658.0
Campbell University,6484.0
Carolinas College of Health Sciences*,
Catawba College,1306.0
Chowan University,1532.0
Davidson College,1950.0
Duke University,15192.0
Durham Technical Community College,19697.0
East Carolina University,28962.0
Elizabeth City State University,2002.0
Elon University,6791.0
Fayetteville State University,6020.0
Gardner-Webb University,4305.0
Greensboro College,1173.0
Guilford College,2137.0
High Point University,4951.0
Johnson & Wales University-Charlotte,
Johnson C Smith University,1624.0
Lees-McRae College,1033.0
Lenoir-Rhyne University,2303.0
Livingstone College,1156.0
Mars Hill University,1395.0
Meredith College,
Methodist University,2476.0
Montreat College,1082.0
North Carolina A&T State University,12754.0
North Carolina Central University,8096.0
North Carolina State University,34015.0
North Carolina Wesleyan College,2119.0
Pfeiffer University,1961.0
Queens University of Charlotte,
Shaw University,1660.0
University of Mount Olive,
University of North Carolina Asheville,3595.0
University of North Carolina School of the Arts,1144.0
University of North Carolina Wilmington,16487.0
University of North Carolina at Chapel Hill,29469.0
University of North Carolina at Charlotte,29000.0
University of North Carolina at Greensboro,19653.0
University of North Carolina at Pembroke,6251.0
Wake Forest University,7591.0
Wake Technical Community College,69954.0
Warren Wilson College,
Western Carolina University,12243.0
William Peace University,
Wingate University,3193.0
Winston-Salem State University,5190.0
Bismarck State College,4002.0
Dakota College at Bottineau,898.0
Dickinson State University,1392.0
Lake Region State College,2072.0
Mayville State University,970.0
Minot State University,
North Dakota State College of Science,3066.0
North Dakota State University,14358.0
Nueta Hidatsa Sahnish College,199.0
Sitting Bull College,
University of North Dakota,14648.0
Valley City State University,1285.0
Williston State College,993.0
Ashland University,6662.0
Baldwin Wallace University,
Bluffton University,1011.0
Bowling Green State University,16912.0
Bowling Green State University Firelands,2516.0
Capital University,3367.0
Case Western Reserve University,5150.0
Cedarville University,4193.0
Central State University,2033.0
Cleveland State University,17260.0
Columbus College of Art and Design,1476.0
Cuyahoga Community College District,31250.0
Defiance College,1083.0
Denison University,
Franciscan University of Steubenville,2548.0
Heidelberg University,1300.0
Hiram College,
John Carroll University,3673.0
Kent State University,40782.0
Kenyon College,1662.0
Lake Erie College,1216.0
Lorain County Community College,12948.0
Lourdes University,2506.0
Malone University,1613.0
Marietta College,1200.0
Miami University (Ohio),19452.0
Mount Saint Joseph University,
Muskingum University,
North Central State College,3094.0
Northeast Ohio Medical University*,
Notre Dame College,2091.0
Oberlin College,2978.0
Ohio Dominican University,2985.0
Ohio Northern University,3088.0
Ohio State University,66444.0
Ohio University,29217.0
Ohio University-Chillicothe,2558.0
Ohio University-Eastern,516.0
Ohio University-Lancaster,
Ohio University-Southern,2199.0
Ohio University-Zanesville,1001.0
Ohio Wesleyan University,1600.0
Otterbein University,2808.0
Shawnee State University,3641.0
Sinclair Community College,18647.0
Terra State Community College,2434.0
The College of Wooster,
The University of Findlay,
Tiffin University,4940.0
University of Akron,25177.0
University of Cincinnati,43691.0
University of Dayton,11271.0
University of Mount Union,2253.0
University of Toledo,20381.0
Ursuline College,1496.0
Walsh University,
Wilmington College,1435.0
Wittenberg University,1910.0
Wright State University,
Wright State University-Lake Campus,
Xavier University,6798.0
Youngstown State University,12155.0
Cameron University,6463.0
East Central University,3956.0
Langston University,
Northeastern State University,9261.0
Northern Oklahoma College,5378.0
Northwestern Oklahoma State University,2095.0
Oklahoma Christian University,2259.0
Oklahoma City University,3023.0
Oklahoma Panhandle State University,1463.0
Oklahoma State University,25594.0
Oklahoma State University Center for Health Sciences,
Oklahoma State University Institute of Technology,3018.0
Oklahoma State University-Oklahoma City,7721.0
Oral Roberts University,3852.0
Rose State College,8150.0
Southeastern Oklahoma State University,4824.0
Southwestern Oklahoma State University,
University of Central Oklahoma,17239.0
University of Oklahoma,31678.0
University of Science and Arts of Oklahoma,1046.0
University of Tulsa,4682.0
Eastern Oregon University,3741.0
George Fox University,4080.0
Lane Community College,26176.0
Lewis & Clark College,3390.0
Linfield University,2282.0
Linfield University-School of Nursing,
Oregon Health & Science University*,
Oregon Institute of Technology,5490.0
Oregon State University,28886.0
Oregon State University-Cascades,
Pacific University,
Portland State University,27229.0
Reed College,1411.0
Southern Oregon University,6203.0
University of Oregon,23634.0
University of Portland,4250.0
Western Oregon University,6214.0
Willamette University,2827.0
Albright College,2391.0
Allegheny College,1771.0
Alvernia University,2906.0
Arcadia University,4000.0
Bloomsburg University of Pennsylvania,
Bryn Athyn College‡,302.0
Bryn Mawr College,
Bucknell University,3624.0
Cabrini University,
California University of Pennsylvania,7312.0
Carnegie Mellon University,13961.0
Cedar Crest College,1885.0
Chatham University,
Cheyney University of Pennsylvania,
Clarion University of Pennsylvania,
Clarks Summit University,870.0
Community College of Allegheny County,
DeSales University,
Delaware Valley University,2000.0
Dickinson College,2325.0
Drexel University,25595.0
Duquesne University,9506.0
East Stroudsburg University,6828.0
Eastern University,3300.0
Edinboro University,6181.0
Elizabethtown College,
Franklin and Marshall College,2209.0
Gannon University,4444.0
Geneva College,1418.0
Gettysburg College,
Grove City College,2461.0
Gwynedd Mercy University,2700.0
Haverford College,1290.0
Holy Family University,3184.0
Immaculata University,4456.0
Indiana University of Pennsylvania,12316.0
Juniata College,
Keystone College,1760.0
King's College,2725.0
Kutztown University,8500.0
La Roche University,1555.0
La Salle University,5191.0
Lafayette College,2533.0
Lancaster Bible College,1187.0
Lebanon Valley College‡,1916.0
Lehigh University,7119.0
Lock Haven University,3827.0
Lycoming College,
Mansfield University of Pennsylvania,
Marywood University,3479.0
Mercyhurst University,4363.0
Messiah University,
Millersville University of Pennsylvania,
Misericordia University,2830.0
Moravian College,
Mount Aloysius College,1692.0
Muhlenberg College,2225.0
Neumann University,3011.0
Penn State University,98783.0
Penn State University Abington,
Penn State University Altoona,4104.0
Penn State University Beaver,720.0
Penn State University Behrend,4700.0
Penn State University Berks,2824.0
Penn State University Brandywine,1500.0
Penn State University College of Medicine*,
Penn State University Dickinson Law,184.0
Penn State University DuBois,897.0
Penn State University Fayette,957.0
Penn State University Greater Allegheny,783.0
Penn State University Harrisburg,
Penn State University Hazleton,1172.0
Penn State University Lehigh Valley,920.0
Penn State University Mont Alto,1252.0
Penn State University New Kensington,800.0
Penn State University Schuylkill,800.0
Penn State University Scranton,1400.0
Penn State University Shenango,600.0
Penn State University Wilkes-Barre,500.0
Penn State University York,1000.0
Pennsylvania College of Technology,5465.0
Point Park University,4093.0
Robert Morris University,5359.0
Rosemont College,903.0
Saint Francis University,
Saint Joseph's University,8415.0
Saint Vincent College,1867.0
Seton Hill University,
Shippensburg University of Pennsylvania,
Slippery Rock University of Pennsylvania,8895.0
Susquehanna University,
Swarthmore College,1581.0
Temple University,39581.0
Thiel College,
Thomas Jefferson University,7831.0
University of Pennsylvania,24806.0
University of Pittsburgh,34934.0
University of Pittsburgh Johnstown,3000.0
University of Pittsburgh at Bradford,1564.0
University of Pittsburgh at Greensburg,1439.0
University of Scranton,6034.0
University of Valley Forge,1146.0
University of the Sciences,
Ursinus College,
Villanova University,10983.0
Washington & Jefferson College,1362.0
Waynesburg University,
West Chester University,17669.0
Widener University,6402.0
Wilkes University,
Wilson College,790.0
York College of Pennsylvania,4739.0
University of Puerto Rico at Cayey,
University of Puerto Rico at Humacao,4732.0
"University of Puerto Rico, Medical Sciences*",2371.0
University of Puerto Rico-Río Piedras,18653.0
Brown University,8848.0
Bryant University,3287.0
Johnson & Wales University,12930.0
Providence College,4735.0
Rhode Island College,9000.0
Rhode Island School of Design,2481.0
Roger Williams University,4844.0
Salve Regina University,2613.0
University of Rhode Island,18318.0
Benedict College,2140.0
Bob Jones University,2916.0
Charleston Southern University‡,3647.0
Claflin University,2000.0
Clemson University,23406.0
Coastal Carolina University,10479.0
Coker University,
College of Charleston,11619.0
Converse College,1269.0
Francis Marion University,4187.0
Furman University,2970.0
Greenville Technical College,15109.0
Lander University,3060.0
Limestone College,2101.0
Medical University of South Carolina*,
Newberry College,1155.0
North Greenville University,2312.0
Presbyterian College,
South Carolina State University,2905.0
Southern Wesleyan University,2414.0
The Citadel,3506.0
Tri-County Technical College,
University of South Carolina,34731.0
University of South Carolina Aiken*,3548.0
University of South Carolina Beaufort,2000.0
University of South Carolina Upstate,5996.0
Winthrop University,6109.0
Wofford College,1692.0
Augustana University,1871.0
Black Hills State University,4244.0
Dakota State University,3058.0
Mount Marty College,1100.0
Northern State University,3622.0
South Dakota School of Mines and Technology,2895.0
South Dakota State University‡,12725.0
University of Sioux Falls,1453.0
University of South Dakota,10284.0
Austin Peay State University,10344.0
Belmont University,8012.0
Carson-Newman University,
Chattanooga State Community College,10401.0
Christian Brothers University,1779.0
Cleveland State Community College,3573.0
Columbia State Community College,5635.0
Cumberland University,2550.0
Dyersburg State Community College,
East Tennessee State University,15250.0
Jackson State Community College,4928.0
King University,2920.0
Lane College,2200.0
Lincoln Memorial University,
Lipscomb University,4018.0
Maryville College,
Middle Tennessee State University,21913.0
Milligan University,1200.0
Motlow State Community College,4670.0
Nashville State Community College,9853.0
Northeast State Community College,5893.0
Pellissippi State Community College,11259.0
Rhodes College,2055.0
Roane State Community College,5636.0
Southern Adventist University,3053.0
Southwest Tennessee Community College,19989.0
Tennessee College of Applied Technology-Athens,
Tennessee College of Applied Technology-Covington,
Tennessee College of Applied Technology-Crossville,
Tennessee College of Applied Technology-Crump,243.0
Tennessee College of Applied Technology-Dickson,
Tennessee College of Applied Technology-Elizabethton,
Tennessee College of Applied Technology-Harriman,
Tennessee College of Applied Technology-Hartsville,
Tennessee College of Applied Technology-Hohenwald,
Tennessee College of Applied Technology-Jacksboro,
Tennessee College of Applied Technology-Jackson,
Tennessee College of Applied Technology-Knoxville,
Tennessee College of Applied Technology-Livingston,
Tennessee College of Applied Technology-McKenzie,
Tennessee College of Applied Technology-McMinnville,
Tennessee College of Applied Technology-Memphis,
Tennessee College of Applied Technology-Morristown,
Tennessee College of Applied Technology-Murfreesboro,
Tennessee College of Applied Technology-Nashville,
Tennessee College of Applied Technology-Newbern,275.0
Tennessee College of Applied Technology-Oneida/Huntsville,
Tennessee College of Applied Technology-Paris,
Tennessee College of Applied Technology-Pulaski,203.0
Tennessee College of Applied Technology-Ripley,
Tennessee College of Applied Technology-Shelbyville,600.0
Tennessee College of Applied Technology-Whiteville,
Tennessee State University,9027.0
Tennessee Technological University,
The University of the South,
Trevecca Nazarene University,
Tusculum University,
Union University,
University of Memphis,20585.0
University of Tennessee Health Science Center*,2815.0
University of Tennessee at Chattanooga,
University of Tennessee at Martin,6705.0
"University of Tennessee, Knoxville",28321.0
Vanderbilt University,12686.0
Volunteer State Community College,9156.0
Walters State Community College,6959.0
Abilene Christian University,4558.0
Angelo State University,10775.0
Austin College,1353.0
Austin Community College District,60100.0
Baylor University,16787.0
Blinn College,18977.0
Brazosport College,4196.0
Collin College McKinney,52812.0
Concordia University Texas,2658.0
Dallas Baptist University,5319.0
East Texas Baptist University,
Galveston College,2319.0
Grayson College,5284.0
Hardin-Simmons University,2392.0
Hill College,
Houston Baptist University,3963.0
Lamar University,14965.0
LeTourneau University,3175.0
Lubbock Christian University,2028.0
McLennan Community College,8764.0
McMurry University,
Midland College,6347.0
Midwestern State University,6102.0
Odessa College,5213.0
Prairie View A&M University,8940.0
Rice University,6740.0
Saint Edward's University,4600.0
Sam Houston State University,20477.0
Schreiner University,1230.0
South Texas College,31000.0
Southern Methodist University,11739.0
Southwestern University,
St. Mary's University,
Stephen F. Austin State University,11623.0
Sul Ross State University,
Tarleton State University,13011.0
Texarkana College,4695.0
Texas A&M International University,
Texas A&M University,68603.0
Texas A&M University-Central Texas,3470.0
Texas A&M University-Commerce,12385.0
Texas A&M University-Corpus Christi,12174.0
Texas A&M University-Kingsville,9278.0
Texas A&M University-San Antonio,5511.0
Texas A&M University-Texarkana,2041.0
Texas Christian University,10489.0
Texas College,
Texas Lutheran University,
Texas Southern University,10514.0
Texas State University,38808.0
Texas Tech University,36551.0
Texas Tech University Health Sciences Center*,3710.0
Texas Tech University Health Sciences Center El Paso*,730.0
Texas Wesleyan University,3378.0
Texas Woman’s University,15000.0
Trinity University‡,2506.0
Tyler Junior College,
University of Dallas,2843.0
University of Houston,45364.0
University of Houston-Clear Lake,8961.0
University of Houston-Downtown,14640.0
University of Houston-Victoria,4501.0
University of Mary Hardin at Baylor,3914.0
University of North Texas,37973.0
University of North Texas Health Science Center,
University of North Texas at Dallas,2575.0
University of Texas Health Science Center at Houston*,
University of Texas Health Science Center at San Antonio*,3270.0
University of Texas Health Science Center at Tyler*,
University of Texas MD Anderson Cancer Center,
University of Texas Medical Branch at Galveston,3169.0
University of Texas Permian Basin,7628.0
University of Texas Rio Grande Valley,29619.0
University of Texas Southwestern Medical Center*,4590.0
University of Texas at Arlington,39714.0
University of Texas at Austin,50950.0
University of Texas at Dallas,29543.0
University of Texas at El Paso,23397.0
University of Texas at San Antonio,34742.0
University of Texas at Tyler,10527.0
University of the Incarnate Word,10226.0
Wayland Baptist University,
West Texas A&M University,9961.0
Brigham Young University,33517.0
Dixie State University,11193.0
Salt Lake Community College,33420.0
Snow College,4100.0
Southern Utah University,11224.0
University of Utah,32760.0
Utah State University,28118.0
Utah Valley University,37282.0
Weber State University,24048.0
Bennington College,755.0
Castleton University,2246.0
Champlain College,2000.0
Landmark College,487.0
Middlebury College,2526.0
Northern Vermont University-Johnson,1925.0
Northern Vermont University-Lyndon,1200.0
Norwich University,
Saint Michael's College,1999.0
University of Vermont,11898.0
Vermont Technical College,1658.0
University of the Virgin Islands,2138.0
Averett University,945.0
Bluefield College,696.0
Bridgewater College,
Christopher Newport University,4990.0
Danville Community College,
Eastern Mennonite University,
Eastern Virginia Medical School*,1261.0
Emory & Henry College,1246.0
Ferrum College,
George Mason University,35960.0
Hampden-Sydney College,
Hampton University,4619.0
Hollins University,
James Madison University,21227.0
Liberty University,110000.0
Longwood University,5096.0
Mary Baldwin University,1761.0
Marymount University,3572.0
Norfolk State University,5616.0
Old Dominion University,24932.0
Radford University,9401.0
Randolph College,679.0
Randolph-Macon College,
Roanoke College,2060.0
Shenandoah University,
Southern Virginia University,808.0
Sweet Briar College,300.0
University of Lynchburg,2643.0
University of Mary Washington,5203.0
University of Richmond,4181.0
University of Virginia,21985.0
University of Virginia's College at Wise,2221.0
Virginia Commonwealth University,31242.0
Virginia Highlands Community College,3811.0
Virginia Military Institute,1700.0
Virginia State University,5414.0
Virginia Tech,30598.0
Virginia Union University,1678.0
Virginia Wesleyan University,
Washington and Lee University,2160.0
William & Mary,8617.0
Cascadia College,2300.0
Central Washington University,11500.0
Centralia College,3544.0
Clark College,16054.0
Clover Park Technical College,
Columbia Basin College,11243.0
Eastern Washington University,13453.0
Edmonds College,13000.0
Everett Community College,20454.0
Evergreen State College,3907.0
Gonzaga University,7421.0
Green River College,8153.0
Highline College,17134.0
Lake Washington Institute of Technology,6571.0
Lower Columbia College,3340.0
North Seattle College,6885.0
Olympic College,14000.0
Pacific Lutheran University,3100.0
Pierce College Fort Steilacoom,
Renton Technical College,4015.0
Saint Martin's University,1811.0
Seattle Central College,7639.0
Seattle Pacific University,3894.0
Seattle University,7405.0
Skagit Valley College,5722.0
South Seattle College,6849.0
Spokane Community College,
Spokane Falls Community College,8882.0
Tacoma Community College,6699.0
University of Puget Sound,2666.0
University of Washington,46081.0
University of Washington Bothell,5995.0
University of Washington Tacoma,5216.0
Walla Walla Community College*,12000.0
Washington State University,29686.0
Wenatchee Valley College,7710.0
Western Washington University,16142.0
Whatcom Community College,11457.0
Whitman College,
Whitworth University,3019.0
Yakima Valley College,
American University,
Catholic University of America,6699.0
Gallaudet University,1860.0
George Washington University,25613.0
Georgetown University,4523.0
Howard University,10002.0
University of the District of Columbia,5667.0
Alderson Broaddus University,2306.0
Bethany College (W.Va.),650.0
Bluefield State College,2063.0
Concord University,2238.0
Davis & Elkins College,805.0
Fairmont State University,
Glenville State College,1641.0
Marshall University,13321.0
Potomac State College of West Virginia University,1815.0
Salem University,
Shepherd University,
University of Charleston,2949.0
West Liberty University,2789.0
West Virginia State University,3879.0
West Virginia University,28776.0
West Virginia University Institute of Technology,1622.0
West Virginia University at Parkersburg,4234.0
West Virginia Wesleyan College,1452.0
Wheeling University,1500.0
Alverno College,2605.0
Beloit College,
Carroll University,3358.0
Carthage College,2800.0
Concordia University Wisconsin,7721.0
Edgewood College,2650.0
Lakeland University,3292.0
Lawrence University,1473.0
Maranatha Baptist University,962.0
Marquette University,11294.0
Milwaukee School of Engineering,2820.0
Mount Mary University,1738.0
Northland College,
Ripon College,807.0
Saint Norbert College,2132.0
University of Wisconsin-Eau Claire,10737.0
University of Wisconsin-Green Bay,6779.0
University of Wisconsin-La Crosse†,10546.0
University of Wisconsin-Madison,43820.0
University of Wisconsin-Milwaukee,27156.0
University of Wisconsin-Oshkosh,13513.0
University of Wisconsin-Parkside,4829.0
University of Wisconsin-Platteville,8712.0
University of Wisconsin-River Falls†,6061.0
University of Wisconsin-Stevens Point,8626.0
University of Wisconsin-Stout†,9619.0
University of Wisconsin-Superior,2631.0
University of Wisconsin-Whitewater,
Viterbo University,2677.0
Wisconsin Lutheran College,1022.0
Casper College,4648.0
Eastern Wyoming College,1505.0
University of Wyoming,12627.0
Western Wyoming Community College,4053.0
