,School,Cases,City,State,Date
0,Alabama A&M University,41,Huntsville,Alabama,10-01-2020
1,Athens State University,2,Athens,Alabama,10-01-2020
2,Auburn University*,"1,912",Auburn,Alabama,10-01-2020
3,Birmingham-Southern College,106,Birmingham,Alabama,10-01-2020
4,Calhoun Community College,23,Tanner,Alabama,10-01-2020
5,Central Alabama Community College,21,Alexander City,Alabama,10-01-2020
6,Enterprise State Community College,19,Enterprise,Alabama,10-01-2020
7,Gadsden State Community College,31,Gadsden,Alabama,10-01-2020
8,Jacksonville State University,219,Jacksonville,Alabama,10-01-2020
9,Lurleen B. Wallace Community College,9,Andalusia,Alabama,10-01-2020
10,Marion Military Institute,3,Marion,Alabama,10-01-2020
11,Samford University,237,Birmingham,Alabama,10-01-2020
12,Snead State Community College,11,Boaz,Alabama,10-01-2020
13,Southern Union State Community College,48,Wadley,Alabama,10-01-2020
14,Spring Hill College,69,Mobile,Alabama,10-01-2020
15,Troy University,141,Troy,Alabama,10-01-2020
16,Troy University Dothan,8,Dothan,Alabama,10-01-2020
17,Troy University Montgomery,5,Montgomery,Alabama,10-01-2020
18,Troy University-Phenix City Campus,6,Phenix,Alabama,10-01-2020
19,Tuskegee University,41,Tuskeegee,Alabama,10-01-2020
20,University of Alabama,"2,690",Tuscaloosa,Alabama,10-01-2020
21,University of Alabama at Birmingham*,"1,239",Birmingham,Alabama,10-01-2020
22,University of Alabama in Huntsville,55,Huntsville,Alabama,10-01-2020
23,University of Montevallo,81,Montevallo,Alabama,10-01-2020
24,University of North Alabama,244,Florence,Alabama,10-01-2020
25,University of South Alabama,220,Mobile,Alabama,10-01-2020
26,University of Alaska Anchorage,4,Anchorage,Alaska,10-01-2020
27,University of Alaska Fairbanks,44,Fairbanks,Alaska,10-01-2020
28,University of Alaska Southeast,1,Juneau,Alaska,10-01-2020
29,Arizona State University,"1,701",Tempe,Arizona,10-01-2020
30,Arizona Western College,5,Yuma,Arizona,10-01-2020
31,Embry-Riddle Aeronautical University at Prescott,31,Prescott,Arizona,10-01-2020
32,Grand Canyon University,55,Phoenix,Arizona,10-01-2020
33,Midwestern University at Glendale,61,Glendale,Arizona,10-01-2020
34,Northern Arizona University,116,Flagstaff,Arizona,10-01-2020
35,University of Arizona†,"2,149",Tucson,Arizona,10-01-2020
36,Arkansas State University,143,Jonesboro,Arkansas,10-01-2020
37,Arkansas Tech University,6,Russellville,Arkansas,10-01-2020
38,Harding University,17,Searcy,Arkansas,10-01-2020
39,Henderson State University,59,Arkadelphia,Arkansas,10-01-2020
40,Hendrix College,6,Conway,Arkansas,10-01-2020
41,John Brown University,29,Siloam Springs,Arkansas,10-01-2020
42,Lyon College,6,Batesville,Arkansas,10-01-2020
43,National Park College,10,Hot Springs,Arkansas,10-01-2020
44,NorthWest Arkansas Community College,2,Bentonville,Arkansas,10-01-2020
45,Ouachita Baptist University,89,Arkadelphia,Arkansas,10-01-2020
46,Southern Arkansas University,99,Magnolia,Arkansas,10-01-2020
47,University of Arkansas,"1,572",Fayetteville,Arkansas,10-01-2020
48,University of Arkansas Community College Rich Mountain,2,Mena,Arkansas,10-01-2020
49,University of Arkansas at Little Rock,98,Little Rock,Arkansas,10-01-2020
50,University of Arkansas at Monticello,16,Monticello,Arkansas,10-01-2020
51,University of Arkansas at Pine Bluff,139,Pine Bluff,Arkansas,10-01-2020
52,University of Arkansas-Fort Smith,42,Fort Smith,Arkansas,10-01-2020
53,University of Central Arkansas†,115,Conway,Arkansas,10-01-2020
54,University of the Ozarks,37,Clarksville,Arkansas,10-01-2020
55,Antelope Valley College,9,Lancaster,California,10-01-2020
56,Biola University,2,La Mirada,California,10-01-2020
57,California Institute of Technology,22,Pasadena,California,10-01-2020
58,California Lutheran University,5,Thousand Oaks,California,10-01-2020
59,"California Polytechnic State University, San Luis Obispo",84,San Luis Obispo,California,10-01-2020
60,"California State Polytechnic University, Pomona",11,Pomona,California,10-01-2020
61,California State University Maritime Academy,3,Vallejo,California,10-01-2020
62,"California State University, Bakersfield",3,Bakersfield,California,10-01-2020
63,"California State University, Channel Islands",3,Camarillo,California,10-01-2020
64,"California State University, Chico",178,Chico,California,10-01-2020
65,"California State University, Dominguez Hills",8,Carson,California,10-01-2020
66,"California State University, East Bay",17,Hayward,California,10-01-2020
67,"California State University, Fullerton",1,Fullerton,California,10-01-2020
68,"California State University, Long Beach",90,Long Beach,California,10-01-2020
69,"California State University, Los Angeles",75,Los Angeles,California,10-01-2020
70,"California State University, Monterey Bay",4,Marina,California,10-01-2020
71,"California State University, Northridge",27,Los Angeles,California,10-01-2020
72,"California State University, Sacramento",21,Sacramento,California,10-01-2020
73,"California State University, San Bernardino",4,San Bernardino,California,10-01-2020
74,"California State University, San Marcos",8,San Marcos,California,10-01-2020
75,Chapman University,9,Orange,California,10-01-2020
76,Concordia University Irvine,2,Irvine,California,10-01-2020
77,Cypress College,8,Cypress,California,10-01-2020
78,Dominican University of California,1,San Rafael,California,10-01-2020
79,Fresno State University,23,Fresno,California,10-01-2020
80,Harvey Mudd College,5,Claremont,California,10-01-2020
81,Holy Names University,1,Oakland,California,10-01-2020
82,Humboldt State University,11,Arcata,California,10-01-2020
83,Los Angeles Community College District‡,176,Los Angeles,California,10-01-2020
84,Loyola Marymount University,1,Los Angeles,California,10-01-2020
85,Menlo College,3,Atherton,California,10-01-2020
86,Mills College,3,Oakland,California,10-01-2020
87,MiraCosta College,7,Oceanside,California,10-01-2020
88,Occidental College,5,Los Angeles,California,10-01-2020
89,Pepperdine University,21,Malibu,California,10-01-2020
90,Pitzer College,1,Claremont,California,10-01-2020
91,Point Loma Nazarene University,3,San Diego,California,10-01-2020
92,Pomona College,1,Claremont,California,10-01-2020
93,Rio Hondo College*,8,Whittier,California,10-01-2020
94,Saint Mary's College of California,8,Moraga,California,10-01-2020
95,San Diego State University System,870,San Diego,California,10-01-2020
96,San Francisco State University,5,San Francisco,California,10-01-2020
97,San Jose State University,46,San Jose,California,10-01-2020
98,Santa Clara University,16,Santa Clara,California,10-01-2020
99,Scripps College,4,Claremont,California,10-01-2020
100,Shasta College,1,Redding,California,10-01-2020
101,Sonoma State University,2,Ronhert Park,California,10-01-2020
102,Southwestern College,6,Chula Vista,California,10-01-2020
103,Stanford University*,137,Stanford,California,10-01-2020
104,"University of California, Berkeley",209,Berkeley,California,10-01-2020
105,"University of California, Davis",79,Davis,California,10-01-2020
106,"University of California, Hastings College of Law",5,San Francisco,California,10-01-2020
107,"University of California, Irvine",105,Irvine,California,10-01-2020
108,"University of California, Los Angeles",158,Los Angeles,California,10-01-2020
109,"University of California, Merced",1,Merced,California,10-01-2020
110,"University of California, Riverside",50,Riverside,California,10-01-2020
111,"University of California, San Diego*",264,San Diego,California,10-01-2020
112,"University of California, Santa Barbara",10,Santa Barbara,California,10-01-2020
113,"University of California, Santa Cruz",16,Santa Cruz,California,10-01-2020
114,University of Redlands,6,Redlands,California,10-01-2020
115,University of San Diego,37,San Diego,California,10-01-2020
116,University of San Francisco,9,San Francisco,California,10-01-2020
117,University of Southern California,403,Los Angeles,California,10-01-2020
118,Adams State University,4,Alamosa,Colorado,10-01-2020
119,Arapahoe Community College,4,Littleton,Colorado,10-01-2020
120,Colorado Christian University,1,Lakewood,Colorado,10-01-2020
121,Colorado College,13,Colorado Springs,Colorado,10-01-2020
122,Colorado Mesa University,50,Grand Junction,Colorado,10-01-2020
123,Colorado Mountain College Glenwood Springs,1,Glenwood Springs,Colorado,10-01-2020
124,Colorado School of Mines,37,Golden,Colorado,10-01-2020
125,Colorado State University,248,Fort Collins,Colorado,10-01-2020
126,Colorado State University-Pueblo,9,Pueblo,Colorado,10-01-2020
127,Community College of Denver,2,Denver,Colorado,10-01-2020
128,Fort Lewis College,18,Durango,Colorado,10-01-2020
129,Front Range Community College,6,Westminster,Colorado,10-01-2020
130,Metropolitan State University of Denver,4,Denver,Colorado,10-01-2020
131,Morgan Community College,1,Fort Morgan,Colorado,10-01-2020
132,Pikes Peak Community College,2,Colorado Springs,Colorado,10-01-2020
133,Pueblo Community College,3,Pueblo,Colorado,10-01-2020
134,Regis University,32,Denver,Colorado,10-01-2020
135,Trinidad State Junior College,1,Trinidad,Colorado,10-01-2020
136,University of Colorado Boulder,906,Boulder,Colorado,10-01-2020
137,University of Colorado Colorado Springs,9,Colorado Springs,Colorado,10-01-2020
138,University of Colorado Denver and Anschutz Medical Campus,4,Aurora,Colorado,10-01-2020
139,University of Denver,58,Denver,Colorado,10-01-2020
140,University of Northern Colorado,25,Greeley,Colorado,10-01-2020
141,Western Colorado University,12,Gunnison,Colorado,10-01-2020
142,Albertus Magnus College,1,New Haven,Connecticut,10-01-2020
143,Central Connecticut State University,80,New Britain,Connecticut,10-01-2020
144,Connecticut College‡,5,New London,Connecticut,10-01-2020
145,Eastern Connecticut State University,5,Windham,Connecticut,10-01-2020
146,Fairfield University,7,Fairfield,Connecticut,10-01-2020
147,Quinnipiac University,1,Hamden,Connecticut,10-01-2020
148,Sacred Heart University,107,Fairfield,Connecticut,10-01-2020
149,Southern Connecticut State University,18,New Haven,Connecticut,10-01-2020
150,Trinity College,6,Hartford,Connecticut,10-01-2020
151,United States Coast Guard Academy,9,New London,Connecticut,10-01-2020
152,University of Bridgeport,2,Bridgeport,Connecticut,10-01-2020
153,University of Connecticut*,253,Storrs,Connecticut,10-01-2020
154,University of Hartford,18,West Hartford,Connecticut,10-01-2020
155,University of Saint Joseph,1,West Hartford,Connecticut,10-01-2020
156,Wesleyan University,9,Middletown,Connecticut,10-01-2020
157,Western Connecticut State University,17,Danbury,Connecticut,10-01-2020
158,Yale University†,150,New Haven,Connecticut,10-01-2020
159,Delaware State University,54,Dover,Delaware,10-01-2020
160,Delaware Technical Community College Dover,3,Dover,Delaware,10-01-2020
161,Delaware Technical Community College Georgetown,8,Georgetown,Delaware,10-01-2020
162,Delaware Technical Community College Stanton,3,Stanton,Delaware,10-01-2020
163,University of Delaware,235,Newark,Delaware,10-01-2020
164,Wesley College,1,Dover,Delaware,10-01-2020
165,Barry University,1,Miami,Florida,10-01-2020
166,Daytona State College,46,Daytona Beach,Florida,10-01-2020
167,Eckerd College,2,Saint Petersburg,Florida,10-01-2020
168,Embry-Riddle Aeronautical University at Daytona Beach,47,Daytona Beach,Florida,10-01-2020
169,Flagler College,90,St. Augustine,Florida,10-01-2020
170,Florida A&M University,63,Tallahassee,Florida,10-01-2020
171,Florida Atlantic University‡,143,Boca Raton,Florida,10-01-2020
172,Florida College,30,Temple Terrace,Florida,10-01-2020
173,Florida Gulf Coast University,73,Fort Myers,Florida,10-01-2020
174,Florida Institute of Technology,21,Melbourne,Florida,10-01-2020
175,Florida International University,150,Miami,Florida,10-01-2020
176,Florida Polytechnic University,9,Lakeland,Florida,10-01-2020
177,Florida Southern College,3,Lakeland,Florida,10-01-2020
178,Florida State College at Jacksonville,21,Jacksonville,Florida,10-01-2020
179,Florida State University,"1,396",Tallahassee,Florida,10-01-2020
180,Jacksonville University,27,Jacksonville,Florida,10-01-2020
181,New College of Florida,2,Sarasota,Florida,10-01-2020
182,North Florida College,6,Madison,Florida,10-01-2020
183,Northwest Florida State College,11,Niceville,Florida,10-01-2020
184,Nova Southeastern University,1,Fort Lauderdale,Florida,10-01-2020
185,Palm Beach Atlantic University,35,West Palm Beach,Florida,10-01-2020
186,Palm Beach State College,33,Lake Worth,Florida,10-01-2020
187,Pensacola State College,28,Pensacola,Florida,10-01-2020
188,Polk State College,31,Winter Haven,Florida,10-01-2020
189,Rollins College,6,Winter Park,Florida,10-01-2020
190,Saint Leo University,15,Saint Leo,Florida,10-01-2020
191,Seminole State College of Florida,26,Sanford,Florida,10-01-2020
192,South Florida State College,17,Avon Park,Florida,10-01-2020
193,St. Petersburg College,24,St. Petersburg,Florida,10-01-2020
194,"State College of Florida, Manatee-Sarasota",30,Bradenton,Florida,10-01-2020
195,Stetson University,83,DeLand,Florida,10-01-2020
196,Tallahassee Community College‡,157,Tallahassee,Florida,10-01-2020
197,The College of the Florida Keys,6,Key West,Florida,10-01-2020
198,University of Central Florida,"1,021",Orlando,Florida,10-01-2020
199,University of Florida,792,Gainesville,Florida,10-01-2020
200,University of Miami*,431,Miami,Florida,10-01-2020
201,University of North Florida,83,Jacksonville,Florida,10-01-2020
202,University of South Florida*,484,Tampa,Florida,10-01-2020
203,University of South Florida Sarasota-Manatee,7,Sarasota,Florida,10-01-2020
204,"University of South Florida, St. Petersburg",14,St. Petersburg,Florida,10-01-2020
205,University of Tampa,220,Tampa,Florida,10-01-2020
206,University of West Florida,92,Pensacola,Florida,10-01-2020
207,Valencia College,24,Orlando,Florida,10-01-2020
208,Abraham Baldwin Agricultural College,35,Tifton,Georgia,10-01-2020
209,Agnes Scott College,1,Decatur,Georgia,10-01-2020
210,Albany State University,63,Albany,Georgia,10-01-2020
211,Augusta University,187,Augusta,Georgia,10-01-2020
212,Berry College,79,Mount Berry,Georgia,10-01-2020
213,Clayton State University,59,Morrow,Georgia,10-01-2020
214,College of Coastal Georgia,50,Brunswick,Georgia,10-01-2020
215,Columbus State University,53,Columbus,Georgia,10-01-2020
216,Covenant College,15,Lookout Mountain,Georgia,10-01-2020
217,Dalton State College,24,Dalton,Georgia,10-01-2020
218,East Georgia State College,37,Swainsboro,Georgia,10-01-2020
219,Emmanuel College,11,Franklin Springs,Georgia,10-01-2020
220,Emory University,151,Atlanta,Georgia,10-01-2020
221,Fort Valley State University,35,Fort Valley,Georgia,10-01-2020
222,Georgia College & State University,707,Milledgeville,Georgia,10-01-2020
223,Georgia Gwinnett College,79,Lawrenceville,Georgia,10-01-2020
224,Georgia Highlands College,33,Rome,Georgia,10-01-2020
225,Georgia Institute of Technology,887,Atlanta,Georgia,10-01-2020
226,Georgia Military College,1,Milledgeville,Georgia,10-01-2020
227,Georgia Southern University,"1,147",Statesboro,Georgia,10-01-2020
228,Georgia Southwestern State University,39,Americus,Georgia,10-01-2020
229,Georgia State University,122,Atlanta,Georgia,10-01-2020
230,Gordon State College,11,Barnesville,Georgia,10-01-2020
231,Kennesaw State University,174,Kennesaw,Georgia,10-01-2020
232,LaGrange College,12,LaGrange,Georgia,10-01-2020
233,Mercer University,235,Macon,Georgia,10-01-2020
234,Middle Georgia State University,141,Macon,Georgia,10-01-2020
235,Oglethorpe University,3,Atlanta,Georgia,10-01-2020
236,Savannah State University,28,Savannah,Georgia,10-01-2020
237,South Georgia State College,27,Douglas,Georgia,10-01-2020
238,University of Georgia,"3,532",Athens,Georgia,10-01-2020
239,University of North Georgia,455,Dahlonega,Georgia,10-01-2020
240,University of West Georgia‡,172,Carrollton,Georgia,10-01-2020
241,Valdosta State University,106,Valdosta,Georgia,10-01-2020
242,Wesleyan College,22,Macon,Georgia,10-01-2020
243,Hawaii Pacific University,1,Honolulu,Hawaii,10-01-2020
244,Kapiolani Community College,3,Honolulu,Hawaii,10-01-2020
245,Leeward Community College,3,Pearl City,Hawaii,10-01-2020
246,University of Hawaii Maui College,1,Kahului,Hawaii,10-01-2020
247,University of Hawaii at Manoa,18,Honolulu,Hawaii,10-01-2020
248,Boise State University,141,Boise,Idaho,10-01-2020
249,Brigham Young University-Idaho,1,Rexburg,Idaho,10-01-2020
250,College of Idaho,28,Caldwell,Idaho,10-01-2020
251,College of Southern Idaho,13,Twin Falls,Idaho,10-01-2020
252,Idaho State University,80,Pocatello,Idaho,10-01-2020
253,Lewis-Clark State College,4,Lewiston,Idaho,10-01-2020
254,North Idaho College,11,Coeur d'Alene,Idaho,10-01-2020
255,Northwest Nazarene University,1,Nampa,Idaho,10-01-2020
256,University of Idaho,124,Moscow,Idaho,10-01-2020
257,Augustana College,5,Rock Island,Illinois,10-01-2020
258,Aurora University,1,Aurora,Illinois,10-01-2020
259,Benedictine University,2,Lisle,Illinois,10-01-2020
260,Bradley University,286,Peoria,Illinois,10-01-2020
261,Chicago State University,17,Chicago,Illinois,10-01-2020
262,Columbia College Chicago,2,Chicago,Illinois,10-01-2020
263,Concordia University Chicago,1,River Forest,Illinois,10-01-2020
264,DePaul University,6,Chicago,Illinois,10-01-2020
265,Dominican University,1,River Forest,Illinois,10-01-2020
266,Eastern Illinois University,223,Charleston,Illinois,10-01-2020
267,Elmhurst University,21,Elmhurst,Illinois,10-01-2020
268,Eureka College,21,Eureka,Illinois,10-01-2020
269,Governors State University,11,University Park,Illinois,10-01-2020
270,Greenville University,18,Greenville,Illinois,10-01-2020
271,Illinois College,3,Jacksonville,Illinois,10-01-2020
272,Illinois Institute of Technology,38,Chicago,Illinois,10-01-2020
273,Illinois State University,"1,354",Normal,Illinois,10-01-2020
274,Illinois Wesleyan University,109,Bloomington,Illinois,10-01-2020
275,Kaskaskia College,29,Centralia,Illinois,10-01-2020
276,Lake Forest College,1,Lake Forest,Illinois,10-01-2020
277,Lake Land College,31,Mattoon,Illinois,10-01-2020
278,Lewis University,35,Romeoville,Illinois,10-01-2020
279,Loyola University Chicago,8,Chicago,Illinois,10-01-2020
280,McKendree University,89,Lebanon,Illinois,10-01-2020
281,Midwestern University at Downers Grove,32,Downers Grove,Illinois,10-01-2020
282,Millikin University,40,Decatur,Illinois,10-01-2020
283,Monmouth College,16,Monmouth,Illinois,10-01-2020
284,Moody Bible Institute,8,Chicago,Illinois,10-01-2020
285,North Central College,25,Naperville,Illinois,10-01-2020
286,North Park University,12,Chicago,Illinois,10-01-2020
287,Northeastern Illinois University,41,Chicago,Illinois,10-01-2020
288,Northern Illinois University,226,Dekalb,Illinois,10-01-2020
289,Northwestern University,116,Evanston,Illinois,10-01-2020
290,Olivet Nazarene University,9,Bourbonnais,Illinois,10-01-2020
291,Principia College,1,Elsah,Illinois,10-01-2020
292,Quincy University,19,Quincy,Illinois,10-01-2020
293,Rockford University,11,Rockford,Illinois,10-01-2020
294,Saint Xavier University,24,Chicago,Illinois,10-01-2020
295,School of the Art Institute of Chicago,2,Chicago,Illinois,10-01-2020
296,Southeastern Illinois College,7,Harrisburg,Illinois,10-01-2020
297,Southern Illinois University Carbondale,59,Carbondale,Illinois,10-01-2020
298,Southern Illinois University Edwardsville,59,Edwardsville,Illinois,10-01-2020
299,University of Chicago,55,Chicago,Illinois,10-01-2020
300,University of Illinois Springfield,21,Springfield,Illinois,10-01-2020
301,University of Illinois Urbana-Champaign,"2,227",Champaign,Illinois,10-01-2020
302,University of Illinois at Chicago,108,Chicago,Illinois,10-01-2020
303,Western Illinois University,125,Macomb,Illinois,10-01-2020
304,Wheaton College,3,Wheaton,Illinois,10-01-2020
305,Anderson University,8,Anderson,Indiana,10-01-2020
306,Ball State University,984,Muncie,Indiana,10-01-2020
307,Butler University,116,Indianapolis,Indiana,10-01-2020
308,DePauw University,36,Greencastle,Indiana,10-01-2020
309,Earlham College,10,Richmond,Indiana,10-01-2020
310,Goshen College,2,Goshen,Indiana,10-01-2020
311,Indiana State University,93,Terre Haute,Indiana,10-01-2020
312,Indiana University Bloomington,"1,956",Bloomington,Indiana,10-01-2020
313,Indiana University East,14,Richmond,Indiana,10-01-2020
314,Indiana University Kokomo,9,Kokomo,Indiana,10-01-2020
315,Indiana University Northwest,14,Gary,Indiana,10-01-2020
316,Indiana University South Bend,8,South Bend,Indiana,10-01-2020
317,Indiana University Southeast,13,New Albany,Indiana,10-01-2020
318,Indiana University-Purdue University Indianapolis,66,Indianapolis,Indiana,10-01-2020
319,Manchester University,9,North Manchester,Indiana,10-01-2020
320,Marian University,62,Indianapolis,Indiana,10-01-2020
321,Purdue University‡,646,West Lafayette,Indiana,10-01-2020
322,Purdue University Fort Wayne,51,Fort Wayne,Indiana,10-01-2020
323,Purdue University Northwest,36,Hammond,Indiana,10-01-2020
324,Rose-Hulman Institute of Technology‡,12,Terre Haute,Indiana,10-01-2020
325,Saint Mary's College,30,Notre Dame,Indiana,10-01-2020
326,Taylor University,3,Upland,Indiana,10-01-2020
327,Trine University,36,Angola,Indiana,10-01-2020
328,University of Evansville,66,Evansville,Indiana,10-01-2020
329,University of Indianapolis,64,Indianapolis,Indiana,10-01-2020
330,University of Notre Dame,704,Notre Dame,Indiana,10-01-2020
331,University of Southern Indiana,122,Evansville,Indiana,10-01-2020
332,Valparaiso University,10,Valparaiso,Indiana,10-01-2020
333,Vincennes University,7,Vincennes,Indiana,10-01-2020
334,Wabash College,14,Crawfordsville,Indiana,10-01-2020
335,Buena Vista University,43,Storm Lake,Iowa,10-01-2020
336,Central College,16,Pella,Iowa,10-01-2020
337,Clarke University,28,Dubuque,Iowa,10-01-2020
338,Coe College,36,Cedar Rapids,Iowa,10-01-2020
339,Cornell College,3,Mount Vernon,Iowa,10-01-2020
340,Dordt University,28,Sioux Center,Iowa,10-01-2020
341,Drake University,1,Des Moines,Iowa,10-01-2020
342,Graceland University,7,Lamoni,Iowa,10-01-2020
343,Iowa State University,"1,247",Ames,Iowa,10-01-2020
344,Iowa Wesleyan University,70,Mount Pleasant,Iowa,10-01-2020
345,Luther College,3,Decorah,Iowa,10-01-2020
346,Morningside College,46,Sioux City,Iowa,10-01-2020
347,Northwestern College,27,Orange City,Iowa,10-01-2020
348,Saint Ambrose University,2,Davenport,Iowa,10-01-2020
349,Simpson College,11,Indianola,Iowa,10-01-2020
350,University of Dubuque,28,Dubuque,Iowa,10-01-2020
351,University of Iowa,"1,972",Iowa City,Iowa,10-01-2020
352,University of Northern Iowa,160,Cedar Falls,Iowa,10-01-2020
353,Upper Iowa University,9,Fayette,Iowa,10-01-2020
354,Wartburg College,69,Waverly,Iowa,10-01-2020
355,William Penn University,30,Oskaloosa,Iowa,10-01-2020
356,Baker University,55,Baldwin City,Kansas,10-01-2020
357,Benedictine College,98,Atchison,Kansas,10-01-2020
358,Bethel College,55,North Newton,Kansas,10-01-2020
359,Butler Community College,44,El Dorado,Kansas,10-01-2020
360,Central Christian College,11,McPherson,Kansas,10-01-2020
361,Dodge City Community College,12,Dodge City,Kansas,10-01-2020
362,Emporia State University,56,Emporia,Kansas,10-01-2020
363,Fort Hays State University,68,Hays,Kansas,10-01-2020
364,Hesston College,7,Hesston,Kansas,10-01-2020
365,Hutchinson Community College,12,Hutchinson,Kansas,10-01-2020
366,Johnson County Community College,55,Overland Park,Kansas,10-01-2020
367,Kansas State University,707,Manhattan,Kansas,10-01-2020
368,Kansas Wesleyan University,13,Salina,Kansas,10-01-2020
369,Labette Community College,5,Parsons,Kansas,10-01-2020
370,Newman University,15,Whichita,Kansas,10-01-2020
371,Pittsburg State University,155,Pittsburg,Kansas,10-01-2020
372,Southwestern College,14,Winfield,Kansas,10-01-2020
373,University of Kansas,882,Lawrence,Kansas,10-01-2020
374,Washburn University,42,Topeka,Kansas,10-01-2020
375,Wichita State University,39,Wichita,Kansas,10-01-2020
376,Alice Lloyd College,45,Pippa Passes,Kentucky,10-01-2020
377,Asbury University,4,Wilmore,Kentucky,10-01-2020
378,Ashland Community and Technical College,2,Ashland,Kentucky,10-01-2020
379,Bellarmine University,48,Louisville,Kentucky,10-01-2020
380,Berea College,7,Berea,Kentucky,10-01-2020
381,Big Sandy Community and Technical College,3,Prestonsburg,Kentucky,10-01-2020
382,Bluegrass Community and Technical College,61,Lexington,Kentucky,10-01-2020
383,Campbellsville University,22,Campbellsville,Kentucky,10-01-2020
384,Centre College,13,Danville,Kentucky,10-01-2020
385,Eastern Kentucky University,117,Richmond,Kentucky,10-01-2020
386,Elizabethtown Community and Technical College,8,Elizabethtown,Kentucky,10-01-2020
387,Gateway Community and Technical College,4,Florence,Kentucky,10-01-2020
388,Georgetown College,28,Georgetown,Kentucky,10-01-2020
389,Hazard Community and Technical College,3,Hazard,Kentucky,10-01-2020
390,Henderson Community College,9,Henderson,Kentucky,10-01-2020
391,Hopkinsville Community College,5,Hopkinsville,Kentucky,10-01-2020
392,Jefferson Community and Technical College,24,Louisville,Kentucky,10-01-2020
393,Kentucky State University,68,Frankfort,Kentucky,10-01-2020
394,Kentucky Wesleyan College,15,Owensboro,Kentucky,10-01-2020
395,Lexington Theological Seminary,1,Lexington,Kentucky,10-01-2020
396,Lindsey Wilson College,20,Columbia,Kentucky,10-01-2020
397,Madisonville Community College,5,Madisonville,Kentucky,10-01-2020
398,Maysville Community and Technical College,3,Maysville,Kentucky,10-01-2020
399,Midway University‡,7,Midway,Kentucky,10-01-2020
400,Morehead State University,69,Morehead,Kentucky,10-01-2020
401,Murray State University,111,Murray,Kentucky,10-01-2020
402,Northern Kentucky University,8,Highland Heights,Kentucky,10-01-2020
403,Owensboro Community and Technical College,6,Owensboro,Kentucky,10-01-2020
404,Somerset Community College,7,Somerset,Kentucky,10-01-2020
405,Southcentral Kentucky Community and Technical College,28,Bowling Green,Kentucky,10-01-2020
406,Southeast Kentucky Community and Technical College,6,Cumberland,Kentucky,10-01-2020
407,Spalding University,4,Louisville,Kentucky,10-01-2020
408,Thomas More University,19,Crestview Hills,Kentucky,10-01-2020
409,Transylvania University,47,Lexington,Kentucky,10-01-2020
410,Union College,47,Barbourville,Kentucky,10-01-2020
411,University of Kentucky,"1,698",Lexington,Kentucky,10-01-2020
412,University of Louisville,478,Louisville,Kentucky,10-01-2020
413,University of Pikeville,28,Pikeville,Kentucky,10-01-2020
414,University of the Cumberlands,13,Williamsburg,Kentucky,10-01-2020
415,West Kentucky Community and Technical College,8,Paducah,Kentucky,10-01-2020
416,Western Kentucky University,651,Bowling Green,Kentucky,10-01-2020
417,Centenary College of Louisiana,33,Shreveport,Louisiana,10-01-2020
418,Grambling State University,20,Grambling,Louisiana,10-01-2020
419,Louisiana State University,829,Baton Rouge,Louisiana,10-01-2020
420,Louisiana State University Alexandria,24,Alexandria,Louisiana,10-01-2020
421,"Louisiana State University Health Sciences Center, New Orleans*",238,New Orleans,Louisiana,10-01-2020
422,"Louisiana State University Health Sciences Center, Shreveport*",1,Shreveport,Louisiana,10-01-2020
423,"Louisiana State University, Shreveport",10,Shreveport,Louisiana,10-01-2020
424,Louisiana Tech University,159,Ruston,Louisiana,10-01-2020
425,Loyola University New Orleans,52,New Orleans,Louisiana,10-01-2020
426,Nicholls State University,134,Thibodaux,Louisiana,10-01-2020
427,Northwestern State University of Louisiana,164,Natchitoches,Louisiana,10-01-2020
428,Southeastern Louisiana University,73,Hammond,Louisiana,10-01-2020
429,Southern University Law Center,8,Baton Rouge,Louisiana,10-01-2020
430,Southern University and A&M College,91,Baton Rouge,Louisiana,10-01-2020
431,Southern University at New Orleans,15,New Orleans,Louisiana,10-01-2020
432,Tulane University of Louisiana,620,New Orleans,Louisiana,10-01-2020
433,University of Louisiana Monroe‡,15,Monroe,Louisiana,10-01-2020
434,University of Louisiana at Lafayette,116,Lafeyette,Louisiana,10-01-2020
435,University of New Orleans,10,New Orleans,Louisiana,10-01-2020
436,Bates College,4,Lewiston,Maine,10-01-2020
437,Bowdoin College,2,Brunswick,Maine,10-01-2020
438,Colby College,9,Waterville,Maine,10-01-2020
439,Husson University,1,Bangor,Maine,10-01-2020
440,Maine Maritime Academy,4,Castine,Maine,10-01-2020
441,Saint Joseph's College of Maine,11,Standish,Maine,10-01-2020
442,University of Maine,8,Orono,Maine,10-01-2020
443,University of Maine Farmington,1,Farmington,Maine,10-01-2020
444,University of Maine at Fort Kent,1,Fort Kent,Maine,10-01-2020
445,University of New England,16,Biddeford,Maine,10-01-2020
446,University of Southern Maine,4,Portland,Maine,10-01-2020
447,Bowie State University,18,Bowie,Maryland,10-01-2020
448,Coppin State University,6,Baltimore,Maryland,10-01-2020
449,Hood College,12,Frederick,Maryland,10-01-2020
450,Johns Hopkins University,306,Baltimore,Maryland,10-01-2020
451,McDaniel College,10,Westminster,Maryland,10-01-2020
452,Morgan State University,14,Baltimore,Maryland,10-01-2020
453,Mount St. Mary's University,24,Emmitsburg,Maryland,10-01-2020
454,Salisbury University‡,423,Salisbury,Maryland,10-01-2020
455,St. Mary's College of Maryland,11,St. Mary's City,Maryland,10-01-2020
456,Stevenson University‡,45,Stevenson,Maryland,10-01-2020
457,Towson University,448,Towson,Maryland,10-01-2020
458,United States Naval Academy,7,Annapolis,Maryland,10-01-2020
459,University of Maryland Eastern Shore,30,Princess Anne,Maryland,10-01-2020
460,"University of Maryland, Baltimore",1,Baltimore,Maryland,10-01-2020
461,"University of Maryland, Baltimore County",35,Catonsville,Maryland,10-01-2020
462,"University of Maryland, College Park",287,College Park,Maryland,10-01-2020
463,American International College,5,Springfield,Massachusetts,10-01-2020
464,Amherst College,3,Amherst,Massachusetts,10-01-2020
465,Anna Maria College,6,Paxton,Massachusetts,10-01-2020
466,Assumption College,3,Worcester,Massachusetts,10-01-2020
467,Babson College,7,Wellesley,Massachusetts,10-01-2020
468,Bentley University,2,Waltham,Massachusetts,10-01-2020
469,Boston College,130,Chestnut Hill,Massachusetts,10-01-2020
470,Boston University,108,Boston,Massachusetts,10-01-2020
471,Brandeis University,11,Waltham,Massachusetts,10-01-2020
472,Bridgewater State University,5,Bridgewater,Massachusetts,10-01-2020
473,Clark University,4,Worcester,Massachusetts,10-01-2020
474,College of Our Lady of the Elms,1,Chicopee,Massachusetts,10-01-2020
475,College of the Holy Cross,16,Worcester,Massachusetts,10-01-2020
476,Eastern Nazarene College,8,Quincy,Massachusetts,10-01-2020
477,Emerson College,4,Boston,Massachusetts,10-01-2020
478,Emmanuel College,4,Boston,Massachusetts,10-01-2020
479,Endicott College‡,6,Beverly,Massachusetts,10-01-2020
480,Fitchburg State University,4,Fitchburg,Massachusetts,10-01-2020
481,Framingham State University,15,Framingham,Massachusetts,10-01-2020
482,Franklin W Olin College of Engineering,1,Needham,Massachusetts,10-01-2020
483,Gordon College,6,Wenham,Massachusetts,10-01-2020
484,Harvard University,58,Cambridge,Massachusetts,10-01-2020
485,Hebrew College,1,Newton Centre,Massachusetts,10-01-2020
486,Lasell University,4,Newton,Massachusetts,10-01-2020
487,Massachusetts College of Liberal Arts,1,North Adams,Massachusetts,10-01-2020
488,Massachusetts College of Pharmacy and Health Sciences*,10,Boston,Massachusetts,10-01-2020
489,Massachusetts Institute of Technology,26,Cambridge,Massachusetts,10-01-2020
490,Massachusetts Maritime Academy,1,Buzzards Bay,Massachusetts,10-01-2020
491,Merrimack College‡,35,North Andover,Massachusetts,10-01-2020
492,Mount Holyoke College,2,South Hadley,Massachusetts,10-01-2020
493,Nichols College,4,Dudley,Massachusetts,10-01-2020
494,Northeastern University,64,Boston,Massachusetts,10-01-2020
495,Salem State University,1,Salem,Massachusetts,10-01-2020
496,Smith College,1,Northampton,Massachusetts,10-01-2020
497,Springfield College,2,Springfield,Massachusetts,10-01-2020
498,Suffolk University,11,Boston,Massachusetts,10-01-2020
499,Tufts University,28,Medford,Massachusetts,10-01-2020
500,University of Massachusetts Amherst,19,Amherst,Massachusetts,10-01-2020
501,University of Massachusetts Boston,19,Boston,Massachusetts,10-01-2020
502,University of Massachusetts Dartmouth,4,Dartmouth,Massachusetts,10-01-2020
503,University of Massachusetts Lowell,2,Lowell,Massachusetts,10-01-2020
504,University of Massachusetts Medical School*,12,Worcester,Massachusetts,10-01-2020
505,Wellesley College,2,Wellesley,Massachusetts,10-01-2020
506,Wentworth Institute of Technology,6,Boston,Massachusetts,10-01-2020
507,Western New England University,4,Springfield,Massachusetts,10-01-2020
508,Wheaton College,2,Norton,Massachusetts,10-01-2020
509,Williams College,4,Williamstown,Massachusetts,10-01-2020
510,Worcester Polytechnic Institute,10,Worcester,Massachusetts,10-01-2020
511,Adrian College,251,Adrian,Michigan,10-01-2020
512,Albion College,9,Albion,Michigan,10-01-2020
513,Alma College,10,Alma,Michigan,10-01-2020
514,Alpena Community College,3,Alpena,Michigan,10-01-2020
515,Andrews University,6,Berrien Springs,Michigan,10-01-2020
516,Aquinas College,10,Grand Rapids,Michigan,10-01-2020
517,Calvin University,38,Grand Rapids,Michigan,10-01-2020
518,Central Michigan University,271,Mount Pleasant,Michigan,10-01-2020
519,Concordia University Ann Arbor,4,Ann Arbor,Michigan,10-01-2020
520,Davenport University,6,Grand Rapids,Michigan,10-01-2020
521,Eastern Michigan University,19,Ypsilanti,Michigan,10-01-2020
522,Ferris State University,54,Big Rapids,Michigan,10-01-2020
523,Finlandia University,2,Hancock,Michigan,10-01-2020
524,Grand Rapids Community College,11,Grand Rapids,Michigan,10-01-2020
525,Grand Valley State University,442,Allendale,Michigan,10-01-2020
526,Henry Ford College,5,Dearborn,Michigan,10-01-2020
527,Hope College,35,Holland,Michigan,10-01-2020
528,Kettering University,3,Flint,Michigan,10-01-2020
529,Lake Superior State University,8,Sault Ste. Marie,Michigan,10-01-2020
530,Lawrence Technological University,6,Southfield,Michigan,10-01-2020
531,Michigan State University,340,East Lansing,Michigan,10-01-2020
532,Michigan Technological University,136,Houghton,Michigan,10-01-2020
533,Northern Michigan University,56,Marquette,Michigan,10-01-2020
534,Northwestern Michigan College,3,Traverse City,Michigan,10-01-2020
535,Northwood University,71,Midland,Michigan,10-01-2020
536,Oakland University,26,Rochester,Michigan,10-01-2020
537,Olivet College,7,Olivet,Michigan,10-01-2020
538,Saginaw Valley State University,38,University Center,Michigan,10-01-2020
539,Siena Heights University,15,Adrian,Michigan,10-01-2020
540,Spring Arbor University,9,Spring Arbor,Michigan,10-01-2020
541,University of Detroit Mercy,27,Detroit,Michigan,10-01-2020
542,University of Michigan,419,Ann Arbor,Michigan,10-01-2020
543,University of Michigan-Flint,2,Flint,Michigan,10-01-2020
544,Wayne State University,53,Detroit,Michigan,10-01-2020
545,Western Michigan University,293,Kalamazoo,Michigan,10-01-2020
546,Augsburg University,6,Minneapolis,Minnesota,10-01-2020
547,Bemidji State University,44,Bemidji,Minnesota,10-01-2020
548,Bethany Lutheran College,9,Mankato,Minnesota,10-01-2020
549,Bethel University,38,Saint Paul,Minnesota,10-01-2020
550,Carleton College,10,Northfield,Minnesota,10-01-2020
551,Concordia College at Moorhead,110,Moorhead,Minnesota,10-01-2020
552,"Concordia University, St. Paul",9,St. Paul,Minnesota,10-01-2020
553,Crown College,7,Saint Bonifacius,Minnesota,10-01-2020
554,DRI 9/22,149,Minneapolis,Minnesota,10-01-2020
555,Gustavus Adolphus College,9,Saint Peter,Minnesota,10-01-2020
556,Macalester College,7,St. Paul,Minnesota,10-01-2020
557,Martin Luther College,2,New Ulm,Minnesota,10-01-2020
558,Metropolitan State University,16,Saint Paul,Minnesota,10-01-2020
559,Minnesota State University Moorhead,84,Moorhead,Minnesota,10-01-2020
560,"Minnesota State University, Mankato",129,Mankato,Minnesota,10-01-2020
561,Saint Mary's University of Minnesota,24,Winona,Minnesota,10-01-2020
562,Southwest Minnesota State University,16,Marshall,Minnesota,10-01-2020
563,St. Catherine University,21,St. Paul,Minnesota,10-01-2020
564,St. Cloud State University,19,St. Cloud,Minnesota,10-01-2020
565,St. Olaf College,39,Northfield,Minnesota,10-01-2020
566,University of Minnesota Duluth,12,Duluth,Minnesota,10-01-2020
567,University of Minnesota-Rochester,1,Rochester,Minnesota,10-01-2020
568,"University of Northwestern, St. Paul‡",3,St. Paul,Minnesota,10-01-2020
569,University of St. Thomas,43,St. Paul,Minnesota,10-01-2020
570,Winona State University,346,Winona,Minnesota,10-01-2020
571,Alcorn State University,6,Lorman,Mississippi,10-01-2020
572,Belhaven University,5,Jackson,Mississippi,10-01-2020
573,Delta State University,108,Cleveland,Mississippi,10-01-2020
574,Jackson State University,9,Jackson,Mississippi,10-01-2020
575,Millsaps College,27,Jackson,Mississippi,10-01-2020
576,Mississippi College,28,Clinton,Mississippi,10-01-2020
577,Mississippi Delta Community College,22,Moorhead,Mississippi,10-01-2020
578,Mississippi State University,492,Mississippi State,Mississippi,10-01-2020
579,Mississippi University for Women*,29,Columbus,Mississippi,10-01-2020
580,Mississippi Valley State University,20,Itta Bena,Mississippi,10-01-2020
581,Northeast Mississippi Community College,47,Booneville,Mississippi,10-01-2020
582,Rust College,1,Holly Springs,Mississippi,10-01-2020
583,University of Mississippi,627,Oxford,Mississippi,10-01-2020
584,University of Mississippi Medical Center*,446,Jackson,Mississippi,10-01-2020
585,University of Southern Mississippi,199,Hattiesburg,Mississippi,10-01-2020
586,Central Methodist University,138,Fayette,Missouri,10-01-2020
587,College of the Ozarks,2,Point Lookout,Missouri,10-01-2020
588,Crowder College,37,Neosho,Missouri,10-01-2020
589,Drury University,70,Springfield,Missouri,10-01-2020
590,Evangel University,107,Springfield,Missouri,10-01-2020
591,Fontbonne University,8,Saint Louis,Missouri,10-01-2020
592,Harris-Stowe State University,23,St. Louis,Missouri,10-01-2020
593,Kansas City Art Institute,4,Kansas City,Missouri,10-01-2020
594,Lincoln University of Missouri,4,Jefferson City,Missouri,10-01-2020
595,Lindenwood University,89,St. Charles,Missouri,10-01-2020
596,Maryville University Saint Louis,68,St. Louis,Missouri,10-01-2020
597,Missouri Baptist University,36,St. Louis,Missouri,10-01-2020
598,Missouri Southern State University,136,Joplin,Missouri,10-01-2020
599,Missouri State University,"1,093",Springfield,Missouri,10-01-2020
600,Missouri University of Science and Technology,97,Rolla,Missouri,10-01-2020
601,Missouri Western State University,24,St. Joseph,Missouri,10-01-2020
602,Northwest Missouri State University,387,Maryville,Missouri,10-01-2020
603,Rockhurst University,30,Kansas City,Missouri,10-01-2020
604,Saint Louis University,97,St. Louis,Missouri,10-01-2020
605,Southeast Missouri State University,112,Cape Girardeau,Missouri,10-01-2020
606,Southwest Baptist University,64,Bolivar,Missouri,10-01-2020
607,St. Louis College of Pharmacy*,11,St. Louis,Missouri,10-01-2020
608,St. Louis Community College,9,St. Louis,Missouri,10-01-2020
609,State Fair Community College,47,Sedalia,Missouri,10-01-2020
610,Stephens College,13,Columbia,Missouri,10-01-2020
611,Truman State University,84,Kirksville,Missouri,10-01-2020
612,University of Central Missouri,407,Warrensburg,Missouri,10-01-2020
613,University of Missouri,"1,558",Columbia,Missouri,10-01-2020
614,University of Missouri-Kansas City,96,Kansas City,Missouri,10-01-2020
615,University of Missouri-St. Louis*,46,Bellerive Acres,Missouri,10-01-2020
616,Washington University in St. Louis*,74,St. Louis,Missouri,10-01-2020
617,Webster University,38,Saint Louis,Missouri,10-01-2020
618,Westminster College,63,Fulton,Missouri,10-01-2020
619,William Jewell College,12,Liberty,Missouri,10-01-2020
620,William Woods University,34,Fulton,Missouri,10-01-2020
621,Carroll College,8,Helena,Montana,10-01-2020
622,Montana State University,41,Bozeman,Montana,10-01-2020
623,Montana State University Billings,7,Billings,Montana,10-01-2020
624,Montana State University Northern,2,Havre,Montana,10-01-2020
625,Montana Technological University,34,Butte,Montana,10-01-2020
626,University of Montana,6,Missoula,Montana,10-01-2020
627,Chadron State College,46,Chadron,Nebraska,10-01-2020
628,"Concordia University, Nebraska",60,Seward,Nebraska,10-01-2020
629,Creighton University,181,Omaha,Nebraska,10-01-2020
630,Doane University,42,Crete,Nebraska,10-01-2020
631,Hastings College,13,Hastings,Nebraska,10-01-2020
632,Midland University,17,Fremont,Nebraska,10-01-2020
633,Nebraska Wesleyan University,138,Lincoln,Nebraska,10-01-2020
634,Peru State College,60,Peru,Nebraska,10-01-2020
635,University of Nebraska Medical Center*,24,Omaha,Nebraska,10-01-2020
636,University of Nebraska at Kearney,68,Kearney,Nebraska,10-01-2020
637,University of Nebraska at Omaha,103,Omaha,Nebraska,10-01-2020
638,University of Nebraska-Lincoln‡,737,Lincoln,Nebraska,10-01-2020
639,Wayne State College,28,Wayne,Nebraska,10-01-2020
640,College of Southern Nevada,52,Las Vegas,Nevada,10-01-2020
641,Great Basin College,2,Elko,Nevada,10-01-2020
642,Nevada State College,13,Henderson,Nevada,10-01-2020
643,Truckee Meadows Community College,6,Reno,Nevada,10-01-2020
644,"University of Nevada, Las Vegas",96,Las Vegas,Nevada,10-01-2020
645,"University of Nevada, Reno",250,Reno,Nevada,10-01-2020
646,Colby-Sawyer College,1,New London,New Hampshire,10-01-2020
647,Dartmouth College,11,Hanover,New Hampshire,10-01-2020
648,Franklin Pierce University,11,Rindge,New Hampshire,10-01-2020
649,Keene State College,5,Keene,New Hampshire,10-01-2020
650,New England College,12,Henniker,New Hampshire,10-01-2020
651,Plymouth State University,14,Plymouth,New Hampshire,10-01-2020
652,Rivier University,1,Nashua,New Hampshire,10-01-2020
653,Saint Anselm College,6,Manchester,New Hampshire,10-01-2020
654,University of New Hampshire‡,54,Durham,New Hampshire,10-01-2020
655,"University of New Hampshire, Franklin Pierce School of Law‡",2,Concord,New Hampshire,10-01-2020
656,Bloomfield College,3,Bloomfield,New Jersey,10-01-2020
657,Caldwell University,1,Caldwell,New Jersey,10-01-2020
658,Centenary University,1,Hackettstown,New Jersey,10-01-2020
659,Drew University,1,Madison,New Jersey,10-01-2020
660,Fairleigh Dickinson University,5,Teaneck,New Jersey,10-01-2020
661,Fairleigh Dickinson University Florham,3,Madison,New Jersey,10-01-2020
662,Kean University,5,Union,New Jersey,10-01-2020
663,Monmouth University,7,West Long Branch,New Jersey,10-01-2020
664,Montclair State University,15,Montclair,New Jersey,10-01-2020
665,New Jersey City University,1,Jersey City,New Jersey,10-01-2020
666,New Jersey Institute of Technology,9,Newark,New Jersey,10-01-2020
667,Princeton University,50,Princeton,New Jersey,10-01-2020
668,Ramapo College of New Jersey,15,Mahwah,New Jersey,10-01-2020
669,Rider University,9,Lawrenceville,New Jersey,10-01-2020
670,Rowan University,197,Glassboro,New Jersey,10-01-2020
671,Rutgers University†,115,New Brunswick,New Jersey,10-01-2020
672,Saint Peter's University,4,Jersey City,New Jersey,10-01-2020
673,Seton Hall University,10,South Orange,New Jersey,10-01-2020
674,Stevens Institute of Technology,11,Hoboken,New Jersey,10-01-2020
675,Stockton University,3,Galloway,New Jersey,10-01-2020
676,The College of New Jersey,2,Ewing,New Jersey,10-01-2020
677,William Paterson University,1,Wayne,New Jersey,10-01-2020
678,Eastern New Mexico University,3,Portales,New Mexico,10-01-2020
679,New Mexico Highlands University,7,Las Vegas,New Mexico,10-01-2020
680,New Mexico Military Institute,2,Roswell,New Mexico,10-01-2020
681,New Mexico State University,59,Las Cruces,New Mexico,10-01-2020
682,San Juan College,5,Farmington,New Mexico,10-01-2020
683,Santa Fe Community College,2,Santa Fe,New Mexico,10-01-2020
684,University of New Mexico*,42,Albuquerque,New Mexico,10-01-2020
685,Western New Mexico University,11,Silver City,New Mexico,10-01-2020
686,Adelphi University,8,Garden City,New York,10-01-2020
687,Adirondack Community College,1,Queensbury,New York,10-01-2020
688,Barnard College,1,New York City,New York,10-01-2020
689,CUNY Baruch College,32,New York City,New York,10-01-2020
690,CUNY Borough of Manhattan Community College,18,New York City,New York,10-01-2020
691,CUNY Bronx Community College,11,New York City,New York,10-01-2020
692,CUNY Brooklyn College,23,New York City,New York,10-01-2020
693,CUNY City College of New York,22,New York City,New York,10-01-2020
694,CUNY College of Staten Island,1,New York City,New York,10-01-2020
695,CUNY Guttman Community College,1,New York City,New York,10-01-2020
696,CUNY Hostos Community College,1,New York City,New York,10-01-2020
697,CUNY Hunter College,51,New York City,New York,10-01-2020
698,CUNY John Jay College of Criminal Justice,6,New York City,New York,10-01-2020
699,CUNY Kingsborough Community College,6,New York City,New York,10-01-2020
700,CUNY LaGuardia Community College,36,New York City,New York,10-01-2020
701,CUNY Lehman College,8,New York City,New York,10-01-2020
702,CUNY Medgar Evers College,1,New York City,New York,10-01-2020
703,CUNY New York City College of Technology,9,New York City,New York,10-01-2020
704,CUNY Queens College,19,New York City,New York,10-01-2020
705,CUNY Queensborough Community College,5,New York City,New York,10-01-2020
706,CUNY York College,35,New York City,New York,10-01-2020
707,Cazenovia College,2,Cazenovia,New York,10-01-2020
708,Clarkson University,3,Potsdam,New York,10-01-2020
709,Clinton Community College,1,Plattsburgh,New York,10-01-2020
710,Colgate University,46,Hamilton,New York,10-01-2020
711,College of Mount Saint Vincent,2,New York City,New York,10-01-2020
712,Columbia University,13,New York City,New York,10-01-2020
713,Concordia College New York,7,Bronxville,New York,10-01-2020
714,Cornell University,148,Ithaca,New York,10-01-2020
715,D'Youville College,1,Buffalo,New York,10-01-2020
716,Daemen College,3,Amherst,New York,10-01-2020
717,Dominican College,1,Orangeburg,New York,10-01-2020
718,Dutchess Community College,7,Poughkeepsie,New York,10-01-2020
719,Elmira College,8,Elmira,New York,10-01-2020
720,Erie Community College,12,Buffalo,New York,10-01-2020
721,Farmingdale State College,38,Farmingdale,New York,10-01-2020
722,Fashion Institute of Technology,12,New York City,New York,10-01-2020
723,Finger Lakes Community College,14,Canandaigua,New York,10-01-2020
724,Fordham University‡,5,New York City,New York,10-01-2020
725,Fulton-Montgomery Community College,1,Johnstown,New York,10-01-2020
726,Genesee Community College,3,Batavia,New York,10-01-2020
727,Hamilton College,1,Clinton,New York,10-01-2020
728,Hartwick College,16,Oneonta,New York,10-01-2020
729,Herkimer County Community College,2,Herkimer,New York,10-01-2020
730,Hobart William Smith Colleges,34,Geneva,New York,10-01-2020
731,Hofstra University,100,Hempstead,New York,10-01-2020
732,Houghton College,1,Houghton,New York,10-01-2020
733,Hudson Valley Community College,12,Troy,New York,10-01-2020
734,Iona College,12,New Rochelle,New York,10-01-2020
735,Ithaca College,8,Ithaca,New York,10-01-2020
736,Jamestown Community College,3,Jamestown,New York,10-01-2020
737,Keuka College,1,Keuka Park,New York,10-01-2020
738,Le Moyne College,9,Syracuse,New York,10-01-2020
739,Long Island University,1,Brookville,New York,10-01-2020
740,Manhattan College,23,New York City,New York,10-01-2020
741,Manhattanville College,1,Purchase,New York,10-01-2020
742,Marist College,4,Poughkeepsie,New York,10-01-2020
743,Medaille College,11,Buffalo,New York,10-01-2020
744,Mercy College,20,Dobbs Ferry,New York,10-01-2020
745,Mohawk Valley Community College,2,Utica,New York,10-01-2020
746,Molloy College,3,Rockville Centre,New York,10-01-2020
747,Monroe Community College,29,Rochester,New York,10-01-2020
748,Nassau Community College,33,Garden City,New York,10-01-2020
749,Nazareth College,9,Rochester,New York,10-01-2020
750,New York University,90,New York City,New York,10-01-2020
751,Niagara County Community College,2,Sanborn,New York,10-01-2020
752,Onondaga Community College,5,Syracuse,New York,10-01-2020
753,Orange County Community College,5,Middletown,New York,10-01-2020
754,Pace University,8,New York,New York,10-01-2020
755,Pratt Institute,2,New York City,New York,10-01-2020
756,Rensselaer Polytechnic Institute,4,Troy,New York,10-01-2020
757,Roberts Wesleyan College,4,Rochester,New York,10-01-2020
758,Rochester Institute of Technology,15,Rochester,New York,10-01-2020
759,Rockland Community College,3,Suffern,New York,10-01-2020
760,Russell Sage College,1,Troy,New York,10-01-2020
761,SUNY Albany,107,Albany,New York,10-01-2020
762,SUNY Alfred State College of Technology,5,Alfred,New York,10-01-2020
763,SUNY Binghamton,64,Vestal,New York,10-01-2020
764,SUNY Brockport,8,Brockport,New York,10-01-2020
765,SUNY Broome Community College,5,Binghamton,New York,10-01-2020
766,SUNY Buffalo State,28,Buffalo,New York,10-01-2020
767,SUNY Canton,2,Canton,New York,10-01-2020
768,SUNY Cobleskill,7,Cobleskill,New York,10-01-2020
769,SUNY College at Potsdam,12,Potsdam,New York,10-01-2020
770,SUNY College of Environmental Science and Forestry,3,Syracuse,New York,10-01-2020
771,SUNY College of Optometry,13,New York City,New York,10-01-2020
772,SUNY Cortland,75,Cortland,New York,10-01-2020
773,SUNY Delhi,5,Delhi,New York,10-01-2020
774,SUNY Downstate Health Sciences University*,67,New York City,New York,10-01-2020
775,SUNY Empire State College,27,Saratoga Springs,New York,10-01-2020
776,SUNY Geneseo,15,Geneseo,New York,10-01-2020
777,SUNY Maritime College,24,New York City,New York,10-01-2020
778,SUNY New Paltz,43,New Paltz,New York,10-01-2020
779,SUNY Old Westbury,23,Old Westbury,New York,10-01-2020
780,SUNY Oneonta,679,Oneonta,New York,10-01-2020
781,SUNY Oswego,191,Oswego,New York,10-01-2020
782,SUNY Plattsburgh,3,Plattsburgh,New York,10-01-2020
783,SUNY Polytechnic Institute,3,Utica,New York,10-01-2020
784,SUNY Purchase College,18,Purchase,New York,10-01-2020
785,SUNY University at Buffalo,104,Buffalo,New York,10-01-2020
786,SUNY Westchester Community College,56,Valhalla,New York,10-01-2020
787,SUNY at Fredonia,95,Fredonia,New York,10-01-2020
788,Schenectady County Community College,4,Schenectady,New York,10-01-2020
789,Siena College,10,Loudonville,New York,10-01-2020
790,Skidmore College‡,3,Saratoga Springs,New York,10-01-2020
791,St. Bonaventure University,7,St. Bonaventure,New York,10-01-2020
792,St. Francis College,2,New York City,New York,10-01-2020
793,St. John Fisher College,2,Rocheser,New York,10-01-2020
794,St. John's University,41,New York City,New York,10-01-2020
795,St. Joseph's College Long Island,1,Patchogue,New York,10-01-2020
796,St. Lawrence University,2,Canton,New York,10-01-2020
797,St. Thomas Aquinas College,4,Sparkill,New York,10-01-2020
798,Stony Brook University*,500,Stony Brook,New York,10-01-2020
799,Suffolk County Community College,131,Selden,New York,10-01-2020
800,Syracuse University,78,Syracuse,New York,10-01-2020
801,The College of Saint Rose,3,Albany,New York,10-01-2020
802,"The Graduate Center, CUNY",1,New York City,New York,10-01-2020
803,The New School,2,New York City,New York,10-01-2020
804,Tompkins Cortland Community College,8,Dryden,New York,10-01-2020
805,Ulster County Community College,2,Stone Ridge,New York,10-01-2020
806,Union College,6,Schenectady,New York,10-01-2020
807,United States Merchant Marine Academy,3,Kings Point,New York,10-01-2020
808,United States Military Academy West Point,109,West Point,New York,10-01-2020
809,University of Rochester,14,Rochester,New York,10-01-2020
810,Upstate Medical University*,31,Syracuse,New York,10-01-2020
811,Utica College,9,Utica,New York,10-01-2020
812,Vassar College,25,Poughkeepsie,New York,10-01-2020
813,Wagner College,12,New York City,New York,10-01-2020
814,Yeshiva University,3,New York City,New York,10-01-2020
815,Appalachian State University,461,Boone,North Carolina,10-01-2020
816,Barton College,10,Wilson,North Carolina,10-01-2020
817,Belmont Abbey College,62,Belmont,North Carolina,10-01-2020
818,Brevard College,1,Brevard,North Carolina,10-01-2020
819,Campbell University,17,Bules Creek,North Carolina,10-01-2020
820,Carolinas College of Health Sciences*,3,Charlotte,North Carolina,10-01-2020
821,Catawba College,5,Salisbury,North Carolina,10-01-2020
822,Chowan University,2,Murfreesboro,North Carolina,10-01-2020
823,Davidson College,23,Davidson,North Carolina,10-01-2020
824,Duke University,93,Durham,North Carolina,10-01-2020
825,Durham Technical Community College,3,Durham,North Carolina,10-01-2020
826,East Carolina University,"1,279",Greenville,North Carolina,10-01-2020
827,Elizabeth City State University,23,Elizabeth City,North Carolina,10-01-2020
828,Elon University,133,Elon,North Carolina,10-01-2020
829,Fayetteville State University,101,Fayetteville,North Carolina,10-01-2020
830,Gardner-Webb University,50,Boiling Springs,North Carolina,10-01-2020
831,Greensboro College,12,Greensboro,North Carolina,10-01-2020
832,Guilford College,12,Greensboro,North Carolina,10-01-2020
833,High Point University,153,High Point,North Carolina,10-01-2020
834,Johnson & Wales University-Charlotte,2,Charlotte,North Carolina,10-01-2020
835,Johnson C Smith University,1,Charlotte,North Carolina,10-01-2020
836,Lees-McRae College,1,Banner Elk,North Carolina,10-01-2020
837,Lenoir-Rhyne University,9,Hickory,North Carolina,10-01-2020
838,Mars Hill University,2,Mars Hill,North Carolina,10-01-2020
839,Meredith College,38,Raleigh,North Carolina,10-01-2020
840,Methodist University,37,Fayetteville,North Carolina,10-01-2020
841,North Carolina A&T State University,62,Greensboro,North Carolina,10-01-2020
842,North Carolina Central University,61,Durham,North Carolina,10-01-2020
843,North Carolina State University,"1,094",Raleigh,North Carolina,10-01-2020
844,North Carolina Wesleyan College,10,Rocky Mount,North Carolina,10-01-2020
845,Pfeiffer University,2,Misenheimer,North Carolina,10-01-2020
846,Shaw University,3,Raleigh,North Carolina,10-01-2020
847,University of Mount Olive,2,Mount Olive,North Carolina,10-01-2020
848,University of North Carolina Asheville,14,Asheville,North Carolina,10-01-2020
849,University of North Carolina School of the Arts,4,Winston Salem,North Carolina,10-01-2020
850,University of North Carolina Wilmington,275,Wilmington,North Carolina,10-01-2020
851,University of North Carolina at Chapel Hill,"1,199",Chapel Hill,North Carolina,10-01-2020
852,University of North Carolina at Charlotte,166,Charlotte,North Carolina,10-01-2020
853,University of North Carolina at Greensboro,87,Greensboro,North Carolina,10-01-2020
854,University of North Carolina at Pembroke,253,Pembroke,North Carolina,10-01-2020
855,Wake Forest University,121,Winston-Salem,North Carolina,10-01-2020
856,Wake Technical Community College,23,Raleigh,North Carolina,10-01-2020
857,Western Carolina University,129,Cullowhee,North Carolina,10-01-2020
858,William Peace University,6,Raleigh,North Carolina,10-01-2020
859,Wingate University,6,Wingate,North Carolina,10-01-2020
860,Winston-Salem State University,37,Winston-Salem,North Carolina,10-01-2020
861,Bismarck State College,63,Bismarck,North Dakota,10-01-2020
862,Dakota College at Bottineau,9,Bottineau,North Dakota,10-01-2020
863,Dickinson State University,58,Dickinson,North Dakota,10-01-2020
864,Lake Region State College,6,Devils Lake,North Dakota,10-01-2020
865,Mayville State University,8,Mayville,North Dakota,10-01-2020
866,Minot State University,47,Minot,North Dakota,10-01-2020
867,North Dakota State College of Science,20,Wahpeton,North Dakota,10-01-2020
868,North Dakota State University,198,Fargo,North Dakota,10-01-2020
869,University of North Dakota,790,Grand Forks,North Dakota,10-01-2020
870,Valley City State University,36,Valley City,North Dakota,10-01-2020
871,Williston State College,74,Williston,North Dakota,10-01-2020
872,Ashland University,8,Ashland,Ohio,10-01-2020
873,Baldwin Wallace University,32,Berea,Ohio,10-01-2020
874,Bowling Green State University,198,Bowling Green,Ohio,10-01-2020
875,Bowling Green State University Firelands,1,Huron,Ohio,10-01-2020
876,Capital University,4,Columbus,Ohio,10-01-2020
877,Case Western Reserve University,30,Cleveland,Ohio,10-01-2020
878,Cedarville University,4,Cedarville,Ohio,10-01-2020
879,Cleveland State University,1,Cleveland,Ohio,10-01-2020
880,Columbus College of Art and Design,1,Columbus,Ohio,10-01-2020
881,Cuyahoga Community College District,3,Cleveland,Ohio,10-01-2020
882,Denison University,9,Granville,Ohio,10-01-2020
883,Franciscan University of Steubenville,12,Steubenville,Ohio,10-01-2020
884,Heidelberg University,8,Tiffin,Ohio,10-01-2020
885,Hiram College,9,Hiram,Ohio,10-01-2020
886,John Carroll University,102,University Heights,Ohio,10-01-2020
887,Kent State University,94,Kent,Ohio,10-01-2020
888,Kenyon College,2,Gambier,Ohio,10-01-2020
889,Lake Erie College,9,Painesville,Ohio,10-01-2020
890,Malone University,4,Canton,Ohio,10-01-2020
891,Marietta College,2,Marietta,Ohio,10-01-2020
892,Miami University Oxford,"1,392",Oxford,Ohio,10-01-2020
893,Mount Saint Joseph University,1,Cincinnati,Ohio,10-01-2020
894,Northeast Ohio Medical University*,11,Rootstown,Ohio,10-01-2020
895,Notre Dame College,6,Cleveland,Ohio,10-01-2020
896,Oberlin College,9,Oberlin,Ohio,10-01-2020
897,Ohio Dominican University,64,Columbus,Ohio,10-01-2020
898,Ohio Northern University,28,Ada,Ohio,10-01-2020
899,Ohio State University,"2,678",Columbus,Ohio,10-01-2020
900,Ohio University,146,Athens,Ohio,10-01-2020
901,Ohio Wesleyan University,57,Delaware,Ohio,10-01-2020
902,Otterbein University,9,Westerville,Ohio,10-01-2020
903,Shawnee State University,13,Portsmouth,Ohio,10-01-2020
904,Sinclair Community College,13,Dayton,Ohio,10-01-2020
905,The College of Wooster,8,Wooster,Ohio,10-01-2020
906,The University of Findlay,37,Findlay,Ohio,10-01-2020
907,Tiffin University,49,Tiffin,Ohio,10-01-2020
908,University of Akron,26,Akron,Ohio,10-01-2020
909,University of Cincinnati,335,Cincinnati,Ohio,10-01-2020
910,University of Dayton,"1,248",Dayton,Ohio,10-01-2020
911,University of Mount Union,13,Alliance,Ohio,10-01-2020
912,University of Toledo,307,Toledo,Ohio,10-01-2020
913,Ursuline College,4,Pepper Pike,Ohio,10-01-2020
914,Walsh University,17,North Canton,Ohio,10-01-2020
915,Wilmington College,4,Wilmington,Ohio,10-01-2020
916,Wittenberg University,171,Springfield,Ohio,10-01-2020
917,Wright State University,18,Dayton,Ohio,10-01-2020
918,Xavier University,65,Cincinnati,Ohio,10-01-2020
919,Youngstown State University,11,Youngstown,Ohio,10-01-2020
920,Cameron University,21,Lawton,Oklahoma,10-01-2020
921,East Central University,3,Ada,Oklahoma,10-01-2020
922,Langston University,17,Langston,Oklahoma,10-01-2020
923,Northern Oklahoma College,58,Tonkawa,Oklahoma,10-01-2020
924,Northwestern Oklahoma State University,16,Alva,Oklahoma,10-01-2020
925,Oklahoma Christian University,80,Edmond,Oklahoma,10-01-2020
926,Oklahoma City University,9,Oklahoma City,Oklahoma,10-01-2020
927,Oklahoma State University,"1,176",Stillwater,Oklahoma,10-01-2020
928,Oklahoma State University Institute of Technology,23,Okmulgee,Oklahoma,10-01-2020
929,Oklahoma State University-Oklahoma City,4,Oklahoma City,Oklahoma,10-01-2020
930,Oral Roberts University,1,Tulsa,Oklahoma,10-01-2020
931,Southeastern Oklahoma State University,42,Durant,Oklahoma,10-01-2020
932,Southwestern Oklahoma State University,127,Weatherford,Oklahoma,10-01-2020
933,University of Central Oklahoma,208,Edmond,Oklahoma,10-01-2020
934,University of Oklahoma‡,386,Norman,Oklahoma,10-01-2020
935,University of Science and Arts of Oklahoma,2,Chickasha,Oklahoma,10-01-2020
936,University of Tulsa,30,Tulsa,Oklahoma,10-01-2020
937,Eastern Oregon University,6,La Grande,Oregon,10-01-2020
938,Lane Community College,1,Eugene,Oregon,10-01-2020
939,Lewis & Clark College,3,Portland,Oregon,10-01-2020
940,Linfield College-School of Nursing,1,Portland,Oregon,10-01-2020
941,Linfield University,1,McMinnville,Oregon,10-01-2020
942,Oregon Health & Science University*,127,Portland,Oregon,10-01-2020
943,Oregon Institute of Technology,6,Klamath Falls,Oregon,10-01-2020
944,Oregon State University,52,Corvallis,Oregon,10-01-2020
945,Pacific University,1,Forest Grove,Oregon,10-01-2020
946,Portland State University,2,Portland,Oregon,10-01-2020
947,Reed College,9,Portland,Oregon,10-01-2020
948,Southern Oregon University,3,Ashland,Oregon,10-01-2020
949,University of Oregon,59,Eugene,Oregon,10-01-2020
950,Western Oregon University,3,Mounmouth,Oregon,10-01-2020
951,Willamette University,6,Salem,Oregon,10-01-2020
952,Albright College,1,Reading,Pennsylvania,10-01-2020
953,Allegheny College,29,Meadville,Pennsylvania,10-01-2020
954,Bloomsburg University of Pennsylvania,348,Bloomsburg,Pennsylvania,10-01-2020
955,Bryn Mawr College,1,Bryn Mawr,Pennsylvania,10-01-2020
956,Bucknell University,17,Lewisburg,Pennsylvania,10-01-2020
957,Cabrini University,6,Radnor,Pennsylvania,10-01-2020
958,California University of Pennsylvania,7,California,Pennsylvania,10-01-2020
959,Carnegie Mellon University,57,Pittsburgh,Pennsylvania,10-01-2020
960,Chatham University,1,Pittsburgh,Pennsylvania,10-01-2020
961,Clarion University of Pennsylvania,1,Clarion,Pennsylvania,10-01-2020
962,Community College of Allegheny County,1,Pittsburgh,Pennsylvania,10-01-2020
963,DeSales University,1,Center Valley,Pennsylvania,10-01-2020
964,Delaware Valley University,5,Doylestown,Pennsylvania,10-01-2020
965,Drexel University,10,Philadelphia,Pennsylvania,10-01-2020
966,Duquesne University,10,Pittsburgh,Pennsylvania,10-01-2020
967,East Stroudsburg University,5,East Stroudsburg,Pennsylvania,10-01-2020
968,Eastern University,1,St. Davids,Pennsylvania,10-01-2020
969,Edinboro University,3,Edinboro,Pennsylvania,10-01-2020
970,Elizabethtown College,7,Elizabethtown,Pennsylvania,10-01-2020
971,Franklin and Marshall College,8,Lancaster,Pennsylvania,10-01-2020
972,Gannon University,28,Erie,Pennsylvania,10-01-2020
973,Geneva College,6,Beaver Falls,Pennsylvania,10-01-2020
974,Gettysburg College,83,Gettysburg,Pennsylvania,10-01-2020
975,Grove City College,2,Grove City,Pennsylvania,10-01-2020
976,Haverford College,2,Haverford,Pennsylvania,10-01-2020
977,Holy Family University,1,Philadelphia,Pennsylvania,10-01-2020
978,Immaculata University,1,Immaculata,Pennsylvania,10-01-2020
979,Indiana University of Pennsylvania,87,Indiana,Pennsylvania,10-01-2020
980,Juniata College,8,Huntingdom,Pennsylvania,10-01-2020
981,Keystone College‡,3,La Plume,Pennsylvania,10-01-2020
982,King's College‡,6,Wilkes-Barre,Pennsylvania,10-01-2020
983,Kutztown University,292,Kutztown,Pennsylvania,10-01-2020
984,La Roche University,1,Pittsburgh,Pennsylvania,10-01-2020
985,La Salle University,7,Philadelphia,Pennsylvania,10-01-2020
986,Lafayette College,6,Easton,Pennsylvania,10-01-2020
987,Lancaster Bible College,2,Lancaster,Pennsylvania,10-01-2020
988,Lehigh University,3,Bethlehem,Pennsylvania,10-01-2020
989,Lock Haven University,59,Lock Haven,Pennsylvania,10-01-2020
990,Lycoming College,4,Williamsport,Pennsylvania,10-01-2020
991,Mansfield University of Pennsylvania,4,Mansfield,Pennsylvania,10-01-2020
992,Marywood University,10,Scranton,Pennsylvania,10-01-2020
993,Mercyhurst University,2,Erie,Pennsylvania,10-01-2020
994,Messiah University,10,Mechanicsburg,Pennsylvania,10-01-2020
995,Millersville University of Pennsylvania,33,Millersville,Pennsylvania,10-01-2020
996,Misericordia University,2,Dallas,Pennsylvania,10-01-2020
997,Moravian College,6,Bethlehem,Pennsylvania,10-01-2020
998,Mount Aloysius College,2,Cresson,Pennsylvania,10-01-2020
999,Muhlenberg College,1,Allentown,Pennsylvania,10-01-2020
1000,Neumann University,1,Aston,Pennsylvania,10-01-2020
1001,Penn State University,"1,381",State College,Pennsylvania,10-01-2020
1002,Penn State University Abington,2,Abington,Pennsylvania,10-01-2020
1003,Penn State University Altoona,6,Altoona,Pennsylvania,10-01-2020
1004,Penn State University Behrend,11,Erie,Pennsylvania,10-01-2020
1005,Penn State University Brandywine,2,Media,Pennsylvania,10-01-2020
1006,Penn State University College of Medicine*,13,Hershey,Pennsylvania,10-01-2020
1007,Penn State University Harrisburg,2,Middletown,Pennsylvania,10-01-2020
1008,Penn State University Hazleton,2,Hazleton,Pennsylvania,10-01-2020
1009,Penn State University Schuylkill,1,Schuylkill Haven,Pennsylvania,10-01-2020
1010,Penn State University Shenango,3,Sharon,Pennsylvania,10-01-2020
1011,Pennsylvania College of Technology,39,Williamsport,Pennsylvania,10-01-2020
1012,Robert Morris University,11,Moon Township,Pennsylvania,10-01-2020
1013,Saint Francis University,2,Loretto,Pennsylvania,10-01-2020
1014,Saint Joseph's University,128,Philadelphia,Pennsylvania,10-01-2020
1015,Shippensburg University of Pennsylvania,13,Shippensburg,Pennsylvania,10-01-2020
1016,Slippery Rock University of Pennsylvania,88,Slippery Rock,Pennsylvania,10-01-2020
1017,Swarthmore College,8,Swarthmore,Pennsylvania,10-01-2020
1018,Temple University,448,Philadelphia,Pennsylvania,10-01-2020
1019,Thiel College,1,Greenville,Pennsylvania,10-01-2020
1020,Thomas Jefferson University‡,16,Philadelphia,Pennsylvania,10-01-2020
1021,University of Pennsylvania,376,Philadelphia,Pennsylvania,10-01-2020
1022,University of Pittsburgh,268,Pittsburgh,Pennsylvania,10-01-2020
1023,University of Pittsburgh Johnstown,1,Johnstown,Pennsylvania,10-01-2020
1024,University of Scranton,203,Scranton,Pennsylvania,10-01-2020
1025,Ursinus College,16,Collegeville,Pennsylvania,10-01-2020
1026,Villanova University,77,Villanova,Pennsylvania,10-01-2020
1027,Waynesburg University,5,Waynesburg,Pennsylvania,10-01-2020
1028,West Chester University,15,West Chester,Pennsylvania,10-01-2020
1029,Westminster College,8,New Wilmington,Pennsylvania,10-01-2020
1030,Widener University,19,Chester,Pennsylvania,10-01-2020
1031,Wilkes University,27,Wilkes-Barre,Pennsylvania,10-01-2020
1032,York College of Pennsylvania,14,York,Pennsylvania,10-01-2020
1033,University of Puerto Rico at Cayey,2,Cayey,Puerto Rico,10-01-2020
1034,Brown University,15,Providence,Rhode Island,10-01-2020
1035,Bryant University,17,Smithfield,Rhode Island,10-01-2020
1036,Providence College,40,Providence,Rhode Island,10-01-2020
1037,Rhode Island College,4,Providence,Rhode Island,10-01-2020
1038,Rhode Island School of Design,3,Providence,Rhode Island,10-01-2020
1039,Roger Williams University,16,Bristol,Rhode Island,10-01-2020
1040,Salve Regina University,1,Newport,Rhode Island,10-01-2020
1041,University of Rhode Island,63,Kingston,Rhode Island,10-01-2020
1042,Anderson University,13,Anderson,South Carolina,10-01-2020
1043,Benedict College,3,Columbia,South Carolina,10-01-2020
1044,Charleston Southern University‡,23,North Charleston,South Carolina,10-01-2020
1045,Claflin University,1,Orangeburg,South Carolina,10-01-2020
1046,Clemson University,"2,524",Clemson,South Carolina,10-01-2020
1047,Coastal Carolina University,265,Conway,South Carolina,10-01-2020
1048,Coker University,3,Hartsville,South Carolina,10-01-2020
1049,College of Charleston,384,Charleston,South Carolina,10-01-2020
1050,Converse College,5,Spartanburg,South Carolina,10-01-2020
1051,Francis Marion University,24,Florence,South Carolina,10-01-2020
1052,Furman University,65,Greenville,South Carolina,10-01-2020
1053,Greenville Technical College,173,Greenville,South Carolina,10-01-2020
1054,Lander University,8,Greenwood,South Carolina,10-01-2020
1055,Limestone College,7,Gaffney,South Carolina,10-01-2020
1056,Medical University of South Carolina*,224,Charleston,South Carolina,10-01-2020
1057,Newberry College,23,Newberry,South Carolina,10-01-2020
1058,North Greenville University,4,Tigerville,South Carolina,10-01-2020
1059,Presbyterian College,21,Clinton,South Carolina,10-01-2020
1060,Southern Wesleyan University,6,Central,South Carolina,10-01-2020
1061,The Citadel,118,Charleston,South Carolina,10-01-2020
1062,University of South Carolina,"2,294",Columbia,South Carolina,10-01-2020
1063,University of South Carolina Aiken,32,Aiken,South Carolina,10-01-2020
1064,University of South Carolina Beaufort,16,Blufton,South Carolina,10-01-2020
1065,University of South Carolina Upstate,31,Spartanburg,South Carolina,10-01-2020
1066,Winthrop University,21,Rock Hill,South Carolina,10-01-2020
1067,Wofford College,35,Spartanburg,South Carolina,10-01-2020
1068,Augustana University,79,Sioux Falls,South Dakota,10-01-2020
1069,Black Hills State University,14,Spearfish,South Dakota,10-01-2020
1070,Dakota State University,7,Madison,South Dakota,10-01-2020
1071,Mount Marty College,21,Yankton,South Dakota,10-01-2020
1072,Northern State University,45,Aberdeen,South Dakota,10-01-2020
1073,South Dakota School of Mines and Technology,20,Rapid City,South Dakota,10-01-2020
1074,South Dakota State University‡,91,Brookings,South Dakota,10-01-2020
1075,University of Sioux Falls,1,Sioux Falls,South Dakota,10-01-2020
1076,University of South Dakota,243,Vermillion,South Dakota,10-01-2020
1077,Austin Peay State University,108,Clarksville,Tennessee,10-01-2020
1078,Belmont University,2,Nashville,Tennessee,10-01-2020
1079,Bethel University,68,McKenzie,Tennessee,10-01-2020
1080,Carson-Newman University,129,Jefferson City,Tennessee,10-01-2020
1081,Chattanooga State Community College,41,Chattanooga,Tennessee,10-01-2020
1082,Christian Brothers University‡,21,Memphis,Tennessee,10-01-2020
1083,Cleveland State Community College,26,Cleveland,Tennessee,10-01-2020
1084,Columbia State Community College,30,Columbia,Tennessee,10-01-2020
1085,Cumberland University,18,Lebanon,Tennessee,10-01-2020
1086,Dyersburg State Community College,29,Dyersburg,Tennessee,10-01-2020
1087,East Tennessee State University,204,Johnson City,Tennessee,10-01-2020
1088,Jackson State Community College,32,Jackson,Tennessee,10-01-2020
1089,King University,2,Bristol,Tennessee,10-01-2020
1090,Lincoln Memorial University,62,Harrogate,Tennessee,10-01-2020
1091,Lipscomb University,81,Nashville,Tennessee,10-01-2020
1092,Middle Tennessee State University,244,Murfreesboro,Tennessee,10-01-2020
1093,Milligan University,20,Milligan College,Tennessee,10-01-2020
1094,Motlow State Community College,25,Tullahoma,Tennessee,10-01-2020
1095,Nashville State Community College,31,Nashville,Tennessee,10-01-2020
1096,Northeast State Community College,30,Blountville,Tennessee,10-01-2020
1097,Pellissippi State Community College,17,Knoxville,Tennessee,10-01-2020
1098,Rhodes College,5,Memphis,Tennessee,10-01-2020
1099,Roane State Community College,33,Harriman,Tennessee,10-01-2020
1100,Southern Adventist University,13,Collegedale,Tennessee,10-01-2020
1101,Southwest Tennessee Community College,8,Memphis,Tennessee,10-01-2020
1102,Tennessee College of Applied Technology-Athens,8,Athens,Tennessee,10-01-2020
1103,Tennessee College of Applied Technology-Covington,4,Covington,Tennessee,10-01-2020
1104,Tennessee College of Applied Technology-Crossville,18,Crossville,Tennessee,10-01-2020
1105,Tennessee College of Applied Technology-Crump,14,Crump,Tennessee,10-01-2020
1106,Tennessee College of Applied Technology-Dickson,23,Dickson,Tennessee,10-01-2020
1107,Tennessee College of Applied Technology-Elizabethton,1,Elizabethton,Tennessee,10-01-2020
1108,Tennessee College of Applied Technology-Harriman,4,Harriman,Tennessee,10-01-2020
1109,Tennessee College of Applied Technology-Hartsville,4,Hartsville,Tennessee,10-01-2020
1110,Tennessee College of Applied Technology-Jacksboro,4,Jacksboro,Tennessee,10-01-2020
1111,Tennessee College of Applied Technology-Jackson,3,Jackson,Tennessee,10-01-2020
1112,Tennessee College of Applied Technology-Knoxville,12,Knoxville,Tennessee,10-01-2020
1113,Tennessee College of Applied Technology-Livingston,12,Livingston,Tennessee,10-01-2020
1114,Tennessee College of Applied Technology-McKenzie,3,McKenzie,Tennessee,10-01-2020
1115,Tennessee College of Applied Technology-McMinnville,5,McMinnville,Tennessee,10-01-2020
1116,Tennessee College of Applied Technology-Memphis,3,Memphis,Tennessee,10-01-2020
1117,Tennessee College of Applied Technology-Morristown,9,Morristown,Tennessee,10-01-2020
1118,Tennessee College of Applied Technology-Murfreesboro,16,Murfreesboro,Tennessee,10-01-2020
1119,Tennessee College of Applied Technology-Nashville,21,Nashville,Tennessee,10-01-2020
1120,Tennessee College of Applied Technology-Newbern,15,Newbern,Tennessee,10-01-2020
1121,Tennessee College of Applied Technology-Oneida/Huntsville,3,Huntsville,Tennessee,10-01-2020
1122,Tennessee College of Applied Technology-Paris,4,Paris,Tennessee,10-01-2020
1123,Tennessee College of Applied Technology-Pulaski,3,Pulaski,Tennessee,10-01-2020
1124,Tennessee College of Applied Technology-Ripley,15,Ripley,Tennessee,10-01-2020
1125,Tennessee College of Applied Technology-Shelbyville,2,Shelbyville,Tennessee,10-01-2020
1126,Tennessee College of Applied Technology-Whiteville,12,Whiteville,Tennessee,10-01-2020
1127,Tennessee State University,1,Nashville,Tennessee,10-01-2020
1128,Tennessee Technological University,299,Cookeville,Tennessee,10-01-2020
1129,The University of the South,27,Sewanee,Tennessee,10-01-2020
1130,Trevecca Nazarene University,6,Nashville,Tennessee,10-01-2020
1131,Tusculum University,5,Greenville,Tennessee,10-01-2020
1132,Union University,14,Jackson,Tennessee,10-01-2020
1133,University of Memphis,21,Memphis,Tennessee,10-01-2020
1134,University of Tennessee Health Science Center*,140,Memphis,Tennessee,10-01-2020
1135,University of Tennessee at Chattanooga,391,Chattanooga,Tennessee,10-01-2020
1136,University of Tennessee at Martin,190,Martin,Tennessee,10-01-2020
1137,"University of Tennessee, Knoxville","1,400",Knoxville,Tennessee,10-01-2020
1138,Vanderbilt University,204,Nashville,Tennessee,10-01-2020
1139,Volunteer State Community College,43,Gallatin,Tennessee,10-01-2020
1140,Walters State Community College,15,Morristown,Tennessee,10-01-2020
1141,Abilene Christian University,51,Abilene,Texas,10-01-2020
1142,Angelo State University,77,San Angelo,Texas,10-01-2020
1143,Austin College,67,Sherman,Texas,10-01-2020
1144,Austin Community College District,14,Austin,Texas,10-01-2020
1145,Baylor University,"1,045",Waco,Texas,10-01-2020
1146,Blinn College,158,Brenham,Texas,10-01-2020
1147,Brazosport College,1,Richwood,Texas,10-01-2020
1148,Collin College McKinney,6,McKinney,Texas,10-01-2020
1149,Concordia University Texas,4,Austin,Texas,10-01-2020
1150,Dallas Baptist University,46,Dallas,Texas,10-01-2020
1151,East Texas Baptist University,1,Marshall,Texas,10-01-2020
1152,Galveston College,4,Galveston,Texas,10-01-2020
1153,Grayson College,12,Dension,Texas,10-01-2020
1154,Hardin-Simmons University,7,Abilene,Texas,10-01-2020
1155,Hill College,4,Hillsboro,Texas,10-01-2020
1156,Houston Baptist University,2,Houston,Texas,10-01-2020
1157,Lamar University,137,Beaumont,Texas,10-01-2020
1158,Lubbock Christian University,25,Lubbock,Texas,10-01-2020
1159,McLennan Community College,59,Waco,Texas,10-01-2020
1160,McMurry University,4,Abilene,Texas,10-01-2020
1161,Midland College,12,Midland,Texas,10-01-2020
1162,Midwestern State University,35,Wichita Falls,Texas,10-01-2020
1163,Odessa College,19,Odessa,Texas,10-01-2020
1164,Prairie View A&M University,157,Prairie View,Texas,10-01-2020
1165,Rice University,89,Houston,Texas,10-01-2020
1166,Saint Edward's University,11,Austin,Texas,10-01-2020
1167,Sam Houston State University,396,Huntsville,Texas,10-01-2020
1168,Schreiner University,2,Kerriville,Texas,10-01-2020
1169,South Texas College,125,McAllen,Texas,10-01-2020
1170,Southern Methodist University,577,Dallas,Texas,10-01-2020
1171,Southwestern University,7,Georgetown,Texas,10-01-2020
1172,St. Mary's University,18,San Antonio,Texas,10-01-2020
1173,Stephen F. Austin State University,172,Nacogdoches,Texas,10-01-2020
1174,Sul Ross State University,11,Alpine,Texas,10-01-2020
1175,Tarleton State University,250,Stephenville,Texas,10-01-2020
1176,Texas A&M International University,66,Laredo,Texas,10-01-2020
1177,Texas A&M University,"1,421",College Station,Texas,10-01-2020
1178,Texas A&M University-Central Texas,10,Kileen,Texas,10-01-2020
1179,Texas A&M University-Commerce,191,Commerce,Texas,10-01-2020
1180,Texas A&M University-Corpus Christi,101,Corpus Christi,Texas,10-01-2020
1181,Texas A&M University-Kingsville,78,Kingsville,Texas,10-01-2020
1182,Texas A&M University-San Antonio,49,San Antonio,Texas,10-01-2020
1183,Texas A&M University-Texarkana,14,Texarkana,Texas,10-01-2020
1184,Texas Christian University,"1,135",Fort Worth,Texas,10-01-2020
1185,Texas College,1,Tyler,Texas,10-01-2020
1186,Texas Lutheran University,8,Seguin,Texas,10-01-2020
1187,Texas Southern University,1,Houston,Texas,10-01-2020
1188,Texas State University,564,San Marcos,Texas,10-01-2020
1189,Texas Tech University,"1,481",Lubbock,Texas,10-01-2020
1190,Texas Tech University Health Sciences Center*,250,Lubbock,Texas,10-01-2020
1191,Texas Tech University Health Sciences Center El Paso*,94,El Paso,Texas,10-01-2020
1192,Texas Wesleyan University,23,Fort Worth,Texas,10-01-2020
1193,Texas Woman’s University,24,Denton,Texas,10-01-2020
1194,Trinity University,27,San Antonia,Texas,10-01-2020
1195,Tyler Junior College,75,Tyler,Texas,10-01-2020
1196,University of Dallas,6,Irving,Texas,10-01-2020
1197,University of Houston,210,Houston,Texas,10-01-2020
1198,University of Houston-Clear Lake,43,Houston,Texas,10-01-2020
1199,University of Houston-Downtown,82,Houston,Texas,10-01-2020
1200,University of Houston-Victoria,29,Victoria,Texas,10-01-2020
1201,University of Mary Hardin at Baylor,78,Belton,Texas,10-01-2020
1202,University of North Texas,221,Denton,Texas,10-01-2020
1203,University of North Texas Health Science Center,27,Fort Worth,Texas,10-01-2020
1204,University of North Texas at Dallas,10,Dallas,Texas,10-01-2020
1205,University of St. Thomas,52,Houston,Texas,10-01-2020
1206,University of Texas Health Science Center at Houston*,280,Houston,Texas,10-01-2020
1207,University of Texas Health Science Center at San Antonio*,219,San Antonio,Texas,10-01-2020
1208,University of Texas Health Science Center at Tyler*,28,Tyler,Texas,10-01-2020
1209,University of Texas Permian Basin,29,Odessa,Texas,10-01-2020
1210,University of Texas Rio Grande Valley,111,Edinburg,Texas,10-01-2020
1211,University of Texas Southwestern Medical Center*,292,Dallas,Texas,10-01-2020
1212,University of Texas at Arlington,60,Arlington,Texas,10-01-2020
1213,University of Texas at Austin,"1,154",Austin,Texas,10-01-2020
1214,University of Texas at Dallas,34,Dallas,Texas,10-01-2020
1215,University of Texas at El Paso,144,El Paso,Texas,10-01-2020
1216,University of Texas at San Antonio,11,San Antonio,Texas,10-01-2020
1217,University of Texas at Tyler,5,Tyler,Texas,10-01-2020
1218,University of the Incarnate Word,20,San Antonio,Texas,10-01-2020
1219,Wayland Baptist University,51,Plainview,Texas,10-01-2020
1220,West Texas A&M University,46,Canyon,Texas,10-01-2020
1221,Brigham Young University,"1,217",Provo,Utah,10-01-2020
1222,Dixie State University,38,St. George,Utah,10-01-2020
1223,Salt Lake Community College,61,Salt Lake City,Utah,10-01-2020
1224,Snow College,6,Ephraim,Utah,10-01-2020
1225,Southern Utah University,18,Cedar City,Utah,10-01-2020
1226,University of Utah,414,Salt Lake City,Utah,10-01-2020
1227,Utah State University,376,Logan,Utah,10-01-2020
1228,Utah Valley University,199,Orem,Utah,10-01-2020
1229,Weber State University,54,Ogden,Utah,10-01-2020
1230,Westminster College,13,Salt Lake City,Utah,10-01-2020
1231,Bennington College,3,Bennington,Vermont,10-01-2020
1232,Castleton University,2,Castleton,Vermont,10-01-2020
1233,Champlain College,1,Burlington,Vermont,10-01-2020
1234,Landmark College,1,Putney,Vermont,10-01-2020
1235,Middlebury College,3,Middlebury,Vermont,10-01-2020
1236,Norwich University,5,Northfield,Vermont,10-01-2020
1237,University of Vermont,24,Burlington,Vermont,10-01-2020
1238,Vermont Technical College,1,Randolph,Vermont,10-01-2020
1239,University of the Virgin Islands,3,Charlotte Amalie,Virgin Islands,10-01-2020
1240,Averett University,19,Danville,Virginia,10-01-2020
1241,Bluefield College,30,Bluefield,Virginia,10-01-2020
1242,Bridgewater College,31,Bridgewater,Virginia,10-01-2020
1243,Christopher Newport University,5,Newport News,Virginia,10-01-2020
1244,Danville Community College,4,Danville,Virginia,10-01-2020
1245,Eastern Mennonite University,6,Harrisonburg,Virginia,10-01-2020
1246,Eastern Virginia Medical School*,38,Norfolk,Virginia,10-01-2020
1247,Emory & Henry College,3,Emory,Virginia,10-01-2020
1248,Ferrum College,14,Ferrum,Virginia,10-01-2020
1249,George Mason University,22,Fairfax,Virginia,10-01-2020
1250,Hampden-Sydney College,36,Hampden-Sydney,Virginia,10-01-2020
1251,Hollins University,1,Roanoke,Virginia,10-01-2020
1252,James Madison University,"1,445",Harrisonburg,Virginia,10-01-2020
1253,Liberty University,184,Lynchburg,Virginia,10-01-2020
1254,Longwood University,41,Farmville,Virginia,10-01-2020
1255,Mary Baldwin University,4,Staunton,Virginia,10-01-2020
1256,Marymount University,7,Arlington,Virginia,10-01-2020
1257,Norfolk State University,8,Norfolk,Virginia,10-01-2020
1258,Old Dominion University,51,Norfolk,Virginia,10-01-2020
1259,Radford University,409,Radford,Virginia,10-01-2020
1260,Randolph-Macon College,15,Ashland,Virginia,10-01-2020
1261,Roanoke College,59,Salem,Virginia,10-01-2020
1262,Shenandoah University,29,Winchester,Virginia,10-01-2020
1263,Southern Virginia University,2,Buena Vista,Virginia,10-01-2020
1264,Sweet Briar College,9,Sweet Briar,Virginia,10-01-2020
1265,University of Lynchburg,91,Lynchburg,Virginia,10-01-2020
1266,University of Mary Washington,8,Fredericksburg,Virginia,10-01-2020
1267,University of Richmond,15,Richmond,Virginia,10-01-2020
1268,University of Virginia,566,Charlottesville,Virginia,10-01-2020
1269,University of Virginia's College at Wise,10,Wise,Virginia,10-01-2020
1270,Virginia Commonwealth University,255,Richmond,Virginia,10-01-2020
1271,Virginia Highlands Community College,4,Abingdon,Virginia,10-01-2020
1272,Virginia Military Institute,17,Lexington,Virginia,10-01-2020
1273,Virginia State University,3,Petersburg,Virginia,10-01-2020
1274,Virginia Tech†,850,Blacksburg,Virginia,10-01-2020
1275,Virginia Union University,5,Richmond,Virginia,10-01-2020
1276,Virginia Wesleyan University,1,Virginia Beach,Virginia,10-01-2020
1277,Washington and Lee University,12,Lexington,Virginia,10-01-2020
1278,William & Mary,3,Williamsburg,Virginia,10-01-2020
1279,Central Washington University,16,Ellensburg,Washington,10-01-2020
1280,Centralia College,4,Centralia,Washington,10-01-2020
1281,Clark College,1,Vancouver,Washington,10-01-2020
1282,Clover Park Technical College,1,Lakewood,Washington,10-01-2020
1283,Columbia Basin College,7,Pasco,Washington,10-01-2020
1284,Eastern Washington University,12,Cheney,Washington,10-01-2020
1285,Edmonds College,9,Lynnwood,Washington,10-01-2020
1286,Everett Community College,4,Everett,Washington,10-01-2020
1287,Gonzaga University,31,Spokane,Washington,10-01-2020
1288,Grays Harbor College,2,Aberdeen,Washington,10-01-2020
1289,Green River College,3,Auburn,Washington,10-01-2020
1290,Highline College,2,Des Moines,Washington,10-01-2020
1291,Lake Washington Institute of Technology,1,Kirkland,Washington,10-01-2020
1292,Lower Columbia College,1,Longview,Washington,10-01-2020
1293,North Seattle College,2,Seattle,Washington,10-01-2020
1294,Northwest Indian College,2,Bellingham,Washington,10-01-2020
1295,Olympic College,1,Bremerton,Washington,10-01-2020
1296,Pierce College Fort Steilacoom,1,Lakewood,Washington,10-01-2020
1297,Renton Technical College,1,Renton,Washington,10-01-2020
1298,Seattle Central College,1,Seattle,Washington,10-01-2020
1299,Seattle Pacific University,1,Seattle,Washington,10-01-2020
1300,Seattle University,6,Seattle,Washington,10-01-2020
1301,South Seattle College,1,Seattle,Washington,10-01-2020
1302,Spokane Community College,8,Spokane,Washington,10-01-2020
1303,Spokane Falls Community College,1,Spokane,Washington,10-01-2020
1304,University of Puget Sound,9,Tacoma,Washington,10-01-2020
1305,University of Washington,296,Seattle,Washington,10-01-2020
1306,University of Washington Bothell,6,Bothell,Washington,10-01-2020
1307,University of Washington Tacoma,12,Tacoma,Washington,10-01-2020
1308,Washington State University,263,Pullman,Washington,10-01-2020
1309,Wenatchee Valley College,2,Wenatchee,Washington,10-01-2020
1310,Western Washington University,2,Bellingham,Washington,10-01-2020
1311,Whatcom Community College,6,Bellingham,Washington,10-01-2020
1312,Whitman College,2,Walla Walla,Washington,10-01-2020
1313,Whitworth University,7,Spokane,Washington,10-01-2020
1314,Yakima Valley College,8,Yakima,Washington,10-01-2020
1315,American University,8,Washington,"Washington, D.C.",10-01-2020
1316,Catholic University of America,2,Washington,"Washington, D.C.",10-01-2020
1317,Gallaudet University,1,Washington,"Washington, D.C.",10-01-2020
1318,George Washington University,10,Washington,"Washington, D.C.",10-01-2020
1319,Georgetown University,131,Washington,"Washington, D.C.",10-01-2020
1320,Howard University,9,Washington,"Washington, D.C.",10-01-2020
1321,University of the District of Columbia,2,Washington,"Washington, D.C.",10-01-2020
1322,Alderson Broaddus University,12,Philippi,West Virginia,10-01-2020
1323,Bethany College,2,Bethany,West Virginia,10-01-2020
1324,Bluefield State College,6,Bluefield,West Virginia,10-01-2020
1325,Concord University,12,Athens,West Virginia,10-01-2020
1326,Davis & Elkins College,7,Elkins,West Virginia,10-01-2020
1327,Fairmont State University,7,Fairmont,West Virginia,10-01-2020
1328,Marshall University,77,Huntington,West Virginia,10-01-2020
1329,Potomac State College of West Virginia University,2,Keyser,West Virginia,10-01-2020
1330,Salem University,3,Salem,West Virginia,10-01-2020
1331,Shepherd University,18,Shepherdstown,West Virginia,10-01-2020
1332,University of Charleston,29,Charleston,West Virginia,10-01-2020
1333,West Liberty University,8,West Liberty,West Virginia,10-01-2020
1334,West Virginia State University,34,Institute,West Virginia,10-01-2020
1335,West Virginia University,568,Morgantown,West Virginia,10-01-2020
1336,West Virginia University Institute of Technology,2,Montgomery,West Virginia,10-01-2020
1337,Wheeling University,2,Wheeling,West Virginia,10-01-2020
1338,Beloit College,3,Beloit,Wisconsin,10-01-2020
1339,Carroll University,34,Waukesha,Wisconsin,10-01-2020
1340,Carthage College,23,Kenosha,Wisconsin,10-01-2020
1341,Concordia University Wisconsin,14,Mequon,Wisconsin,10-01-2020
1342,Edgewood College,35,Madison,Wisconsin,10-01-2020
1343,Lakeland University,14,Plymouth,Wisconsin,10-01-2020
1344,Lawrence University,7,Appleton,Wisconsin,10-01-2020
1345,Marian University,38,Fond Du Lac,Wisconsin,10-01-2020
1346,Marquette University,240,Milwaukee,Wisconsin,10-01-2020
1347,Milwaukee School of Engineering,8,Milwaukee,Wisconsin,10-01-2020
1348,Ripon College,6,Ripon,Wisconsin,10-01-2020
1349,Saint Norbert College,74,De Pere,Wisconsin,10-01-2020
1350,University of Wisconsin-Eau Claire,228,Eau Claire,Wisconsin,10-01-2020
1351,University of Wisconsin-Green Bay,25,Green Bay,Wisconsin,10-01-2020
1352,University of Wisconsin-La Crosse†,191,La Crosse,Wisconsin,10-01-2020
1353,University of Wisconsin-Madison,"2,775",Madison,Wisconsin,10-01-2020
1354,University of Wisconsin-Milwaukee,247,Milwaukee,Wisconsin,10-01-2020
1355,University of Wisconsin-Oshkosh,481,Oshkosh,Wisconsin,10-01-2020
1356,University of Wisconsin-Parkside,5,Somers,Wisconsin,10-01-2020
1357,University of Wisconsin-Platteville,169,Platteville,Wisconsin,10-01-2020
1358,University of Wisconsin-River Falls†,155,River Falls,Wisconsin,10-01-2020
1359,University of Wisconsin-Stevens Point,181,Stevens Point,Wisconsin,10-01-2020
1360,University of Wisconsin-Stout†,15,Menomonie,Wisconsin,10-01-2020
1361,University of Wisconsin-Superior,1,Superior,Wisconsin,10-01-2020
1362,University of Wisconsin-Whitewater,358,Whitewater,Wisconsin,10-01-2020
1363,Viterbo University,50,La Crosse,Wisconsin,10-01-2020
1364,Wisconsin Lutheran College,2,Milwaukee,Wisconsin,10-01-2020
1365,Casper College,7,Casper,Wyoming,10-01-2020
1366,Eastern Wyoming College,2,Torrington,Wyoming,10-01-2020
1367,University of Wyoming,160,Laramie,Wyoming,10-01-2020
